VALIDAÇÃO,Logistica Reversa Transportadora,Logistica Reversa Estado,Logistica Reversa Cidade,Abrangencia
NÃO PARÇA,MG - DOMINALOG,CE,Fortaleza,48
NÃO PARÇA,MG - DOMINALOG,RS,Santa Maria,48
NÃO PARÇA,CONECTA CARGO,SP,Ribeirao Preto,47
NÃO PARÇA,MG - DOMINALOG,PB,Joao Pessoa,38
NÃO PARÇA,GRAVATAI - BULK,RS,Caxias do Sul,37
NÃO PARÇA,CONECTA CARGO,SP,Braganca Paulista,35
NÃO PARÇA,MG - DOMINALOG,MA,Sao Luis,34
NÃO PARÇA,FAVORITA,MS,Campo Grande,34
NÃO PARÇA,CONECTA CARGO,SP,Pindamonhangaba,30
NÃO PARÇA,CONECTA CARGO,SC,Blumenau,29
NÃO PARÇA,RIO - BULKYLOG,RJ,Angra dos Reis,28
NÃO PARÇA,CONECTA CARGO,SP,Cubatao,28
NÃO PARÇA,CONECTA CARGO,MG,Juiz de Fora,26
NÃO PARÇA,CONECTA CARGO,SC,Brusque,26
NÃO PARÇA,MG - DOMINALOG,RN,Natal,26
NÃO PARÇA,MG - DOMINALOG,AL,Maceio,26
NÃO PARÇA,CONECTA CARGO,SP,Bauru,24
NÃO PARÇA,MG - DOMINALOG,RS,Pelotas,23
NÃO PARÇA,CONECTA CARGO,SP,Sao Sebastiao,23
NÃO PARÇA,CONECTA CARGO,SP,Franca,22
NÃO PARÇA,CONECTA CARGO,SP,Guaratingueta,22
NÃO PARÇA,FAVORITA,MT,Cuiaba,22
NÃO PARÇA,CONECTA CARGO,SP,Sao Jose do Rio Preto,22
NÃO PARÇA,CONECTA CARGO,SP,Itapetininga,21
NÃO PARÇA,MG - DOMINALOG,RS,Passo Fundo,21
NÃO PARÇA,CONECTA CARGO,SP,Sao Carlos,21
NÃO PARÇA,CONECTA CARGO,SP,Ubatuba,20
NÃO PARÇA,CONECTA CARGO,SP,Fernandopolis,20
NÃO PARÇA,CONECTA CARGO,SP,Caraguatatuba,20
NÃO PARÇA,CONECTA CARGO,SC,Criciuma,20
NÃO PARÇA,CONECTA CARGO,SP,Aracatuba,20
NÃO PARÇA,MG - DOMINALOG,BA,Itabuna,18
NÃO PARÇA,CONECTA CARGO,MG,Governador Valadares,18
NÃO PARÇA,CONECTA CARGO,SC,Chapeco,18
NÃO PARÇA,CONECTA CARGO,SP,Cotia,17
NÃO PARÇA,MG - DOMINALOG,PI,Teresina,17
NÃO PARÇA,MG - DOMINALOG,RS,Rio Grande,17
NÃO PARÇA,VIANA - BULKY,ES,Serra,16
NÃO PARÇA,CONECTA CARGO,SP,Catanduva,15
NÃO PARÇA,MG - DOMINALOG,SE,Aracaju,14
NÃO PARÇA,MG - DOMINALOG,RS,Cerro Grande do Sul,14
NÃO PARÇA,CONECTA CARGO,SP,Birigui,14
NÃO PARÇA,CONECTA CARGO,SP,Pirassununga,14
NÃO PARÇA,CONECTA CARGO,SP,Itapeva,14
NÃO PARÇA,CONECTA CARGO,SP,Botucatu,13
NÃO PARÇA,CONECTA CARGO,SC,Biguacu,13
NÃO PARÇA,FAVORITA,PA,Belem,13
NÃO PARÇA,CONECTA CARGO,MG,Divinopolis,13
NÃO PARÇA,MG - DOMINALOG,RS,Santa Cruz do Sul,13
NÃO PARÇA,VIANA - BULKY,ES,Vitoria,13
NÃO PARÇA,CONECTA CARGO,SP,Lorena,13
NÃO PARÇA,CONECTA CARGO,SP,Araraquara,12
NÃO PARÇA,MG - DOMINALOG,RS,Erechim,12
NÃO PARÇA,MG - DOMINALOG,PE,Caruaru,11
NÃO PARÇA,FAVORITA,TO,Palmas,11
NÃO PARÇA,BULKY LOG - JUN,SP,Amparo,11
NÃO PARÇA,MG - DOMINALOG,RN,Parnamirim,11
NÃO PARÇA,MG - DOMINALOG,RN,Mossoro,11
NÃO PARÇA,FAVORITA,MS,Dourados,10
NÃO PARÇA,MG - DOMINALOG,ES,Vila Velha,10
NÃO PARÇA,CONECTA CARGO,SP,Avare,10
NÃO PARÇA,MG - DOMINALOG,BA,Luis Eduardo Magalhaes,10
NÃO PARÇA,FAVORITA,MT,Varzea Grande,10
NÃO PARÇA,MG - DOMINALOG,RS,Uruguaiana,10
NÃO PARÇA,MG - DOMINALOG,CE,Juazeiro do Norte,10
NÃO PARÇA,CONECTA CARGO,SP,Matao,10
NÃO PARÇA,CONECTA CARGO,SP,Guararema,10
NÃO PARÇA,CONECTA CARGO,SP,Serrana,10
NÃO PARÇA,MG - DOMINALOG,PE,Petrolina,9
NÃO PARÇA,CONECTA CARGO,SP,Ibitinga,9
NÃO PARÇA,MG - DOMINALOG,ES,Sao Mateus,9
NÃO PARÇA,CONECTA CARGO,SP,Santa Fe do Sul,9
NÃO PARÇA,CONECTA CARGO,MG,Extrema,9
NÃO PARÇA,CONECTA CARGO,SC,Ararangua,9
NÃO PARÇA,MG - DOMINALOG,BA,Barreiras,9
NÃO PARÇA,MG - DOMINALOG,PR,Campo Largo,9
NÃO PARÇA,CONECTA CARGO,SP,Sertaozinho,9
NÃO PARÇA,CONECTA CARGO,SP,Santa Isabel,9
NÃO PARÇA,MG - DOMINALOG,MA,Imperatriz,8
NÃO PARÇA,MG - DOMINALOG,PB,Campina Grande,8
NÃO PARÇA,CONECTA CARGO,SP,Registro,8
NÃO PARÇA,MG - DOMINALOG,BA,Jequie,8
NÃO PARÇA,CAJAMAR - BULKY,SP,Sao Paulo,8
NÃO PARÇA,CONECTA CARGO,SP,Igarata,8
NÃO PARÇA,CONECTA CARGO,SP,Jales,8
NÃO PARÇA,CONECTA CARGO,SP,Jaboticabal,8
NÃO PARÇA,RIO - BULKYLOG,RJ,Tres Rios,8
NÃO PARÇA,CONECTA CARGO,SC,Jaragua do Sul,8
NÃO PARÇA,CONECTA CARGO,SP,Votuporanga,8
NÃO PARÇA,MG - DOMINALOG,ES,Cachoeiro de Itapemirim,8
NÃO PARÇA,CONECTA CARGO,SP,Itapevi,8
NÃO PARÇA,FAVORITA,MT,Sinop,8
NÃO PARÇA,ARUJA - BULKY,SP,Sao Paulo,8
NÃO PARÇA,CONECTA CARGO,SP,Cruzeiro,7
NÃO PARÇA,FAVORITA,MS,Tres Lagoas,7
NÃO PARÇA,CONECTA CARGO,SP,Guariba,7
NÃO PARÇA,CONECTA CARGO,SP,Andradina,7
NÃO PARÇA,CONECTA CARGO,MG,Mario Campos,7
NÃO PARÇA,CONECTA CARGO,MG,Conselheiro Lafaiete,7
NÃO PARÇA,RIO - BULKYLOG,RJ,Paraty,7
NÃO PARÇA,CONECTA CARGO,SP,Sao Jose do Rio Pardo,7
NÃO PARÇA,CONECTA CARGO,SC,Guabiruba,7
NÃO PARÇA,CONECTA CARGO,SP,Ilhabela,7
NÃO PARÇA,CONECTA CARGO,SP,Franco da Rocha,7
NÃO PARÇA,CONECTA CARGO,SP,Penapolis,7
NÃO PARÇA,CONECTA CARGO,SP,Bebedouro,6
NÃO PARÇA,CONECTA CARGO,SP,Lencois Paulista,6
NÃO PARÇA,CONECTA CARGO,SP,Sao Roque,6
NÃO PARÇA,GRAVATAI - BULK,RS,Lajeado,6
NÃO PARÇA,CONECTA CARGO,SP,Pontal,6
NÃO PARÇA,CONECTA CARGO,SP,Barretos,6
NÃO PARÇA,VIANA - BULKY,RJ,Rio de Janeiro,6
NÃO PARÇA,CONECTA CARGO,SP,Itapira,6
NÃO PARÇA,CONECTA CARGO,SP,Aparecida,6
NÃO PARÇA,GRAVATAI - BULK,RS,Bento Goncalves,6
NÃO PARÇA,CONECTA CARGO,SP,Francisco Morato,6
NÃO PARÇA,CONECTA CARGO,SP,Ilha Comprida,6
NÃO PARÇA,CONECTA CARGO,SP,Sao Pedro,6
NÃO PARÇA,CONECTA CARGO,SP,Itarare,6
NÃO PARÇA,MG - DOMINALOG,RS,Alegrete,6
NÃO PARÇA,CONECTA CARGO,SC,Concordia,6
NÃO PARÇA,CONECTA CARGO,MG,Pouso Alegre,6
NÃO PARÇA,CONECTA CARGO,SP,Guararapes,6
NÃO PARÇA,CONECTA CARGO,SP,Santa Rita do Passa Quatro,6
NÃO PARÇA,CONECTA CARGO,MG,Mateus Leme,6
NÃO PARÇA,RIO - BULKYLOG,RJ,Paraiba do Sul,6
NÃO PARÇA,FAVORITA,GO,Vianopolis,6
NÃO PARÇA,CONECTA CARGO,SC,Lages,6
NÃO PARÇA,MG - DOMINALOG,RS,Santana do Livramento,6
NÃO PARÇA,CONECTA CARGO,SP,Santana de Parnaiba,6
NÃO PARÇA,CONECTA CARGO,MG,Pirapora,6
NÃO PARÇA,CONECTA CARGO,SP,Campos do Jordao,6
NÃO PARÇA,GRAVATAI - BULK,RS,Canela,6
NÃO PARÇA,MG - DOMINALOG,RS,Bage,6
NÃO PARÇA,CONECTA CARGO,SP,Taquaritinga,6
NÃO PARÇA,CONECTA CARGO,SP,Iguape,5
NÃO PARÇA,CONECTA CARGO,SP,Embu Guacu,5
NÃO PARÇA,GRAVATAI - BULK,RS,Xangri La,5
NÃO PARÇA,CONECTA CARGO,MG,Timoteo,5
NÃO PARÇA,CONECTA CARGO,SP,Monte Azul Paulista,5
NÃO PARÇA,CONECTA CARGO,SP,Ilha Solteira,5
NÃO PARÇA,CONECTA CARGO,SP,Dracena,5
NÃO PARÇA,CONECTA CARGO,MG,Ouro Preto,5
NÃO PARÇA,MG - DOMINALOG,BA,Ilheus,5
NÃO PARÇA,CONECTA CARGO,SP,Angatuba,5
NÃO PARÇA,CONECTA CARGO,SC,Guaramirim,5
NÃO PARÇA,MG - DOMINALOG,PR,Santo Antonio do Sudoeste,5
NÃO PARÇA,CONECTA CARGO,MG,Formiga,5
NÃO PARÇA,MG - DOMINALOG,RS,Tapejara,5
NÃO PARÇA,CONECTA CARGO,SC,Balneario Picarras,5
NÃO PARÇA,CONECTA CARGO,SP,Tremembe,5
NÃO PARÇA,CONECTA CARGO,SP,Monte Alto,5
NÃO PARÇA,CONECTA CARGO,SP,Orlandia,5
NÃO PARÇA,MG - DOMINALOG,PR,Marechal Candido Rondon,5
NÃO PARÇA,FAVORITA,GO,Jatai,5
NÃO PARÇA,CONECTA CARGO,MG,Teofilo Otoni,5
NÃO PARÇA,CONECTA CARGO,SC,Balneario Camboriu,5
NÃO PARÇA,GRAVATAI - BULK,RS,Tramandai,5
NÃO PARÇA,CONECTA CARGO,MG,Campo Belo,5
NÃO PARÇA,MG - DOMINALOG,PR,Imbau,5
NÃO PARÇA,CONECTA CARGO,MG,Coronel Fabriciano,5
NÃO PARÇA,MG - DOMINALOG,RS,Sao Gabriel,5
NÃO PARÇA,MG - DOMINALOG,PI,Picos,5
NÃO PARÇA,GRAVATAI - BULK,RS,Viamao,5
NÃO PARÇA,CONECTA CARGO,MG,Ipatinga,5
NÃO PARÇA,CONECTA CARGO,SP,Biritiba Mirim,5
NÃO PARÇA,MG - DOMINALOG,RS,Guaiba,5
NÃO PARÇA,MG - DOMINALOG,RS,Soledade,5
NÃO PARÇA,VIANA - BULKY,ES,Cariacica,5
NÃO PARÇA,MG - DOMINALOG,PE,Ipojuca,5
NÃO PARÇA,BULKY MAUA,SP,Sao Paulo,5
NÃO PARÇA,CONECTA CARGO,SP,Cravinhos,5
NÃO PARÇA,CONECTA CARGO,SP,Itajobi,5
NÃO PARÇA,CONECTA CARGO,SC,Canoinhas,5
NÃO PARÇA,MG - DOMINALOG,RS,Santo angelo,5
NÃO PARÇA,FAVORITA,MT,Rondonopolis,5
NÃO PARÇA,CONECTA CARGO,SP,Lins,5
NÃO PARÇA,MG - DOMINALOG,RS,Cacapava do Sul,5
NÃO PARÇA,CONECTA CARGO,SP,alvares Machado,5
NÃO PARÇA,MG - DOMINALOG,PE,Santa Cruz do Capibaribe,5
NÃO PARÇA,FAVORITA,MT,Alta Floresta,4
NÃO PARÇA,CONECTA CARGO,SC,Itaiopolis,4
NÃO PARÇA,CONECTA CARGO,MG,Sao Joao Del Rei,4
NÃO PARÇA,MG - DOMINALOG,ES,Mimoso do Sul,4
NÃO PARÇA,MG - DOMINALOG,RS,Panambi,4
NÃO PARÇA,CONECTA CARGO,MG,Manhuacu,4
NÃO PARÇA,CONECTA CARGO,SC,Schroeder,4
NÃO PARÇA,MG - DOMINALOG,PE,Serra Talhada,4
NÃO PARÇA,MG - DOMINALOG,BA,Jaguarari,4
NÃO PARÇA,CONECTA CARGO,SC,Cacador,4
NÃO PARÇA,CONECTA CARGO,SP,Jose Bonifacio,4
NÃO PARÇA,MG - DOMINALOG,ES,Guarapari,4
NÃO PARÇA,MG - DOMINALOG,PI,Piripiri,4
NÃO PARÇA,CONECTA CARGO,SP,Paraibuna,4
NÃO PARÇA,CONECTA CARGO,MG,Guape,4
NÃO PARÇA,CONECTA CARGO,SP,Pradopolis,4
NÃO PARÇA,MG - DOMINALOG,BA,Malhada de Pedras,4
NÃO PARÇA,MG - DOMINALOG,RS,Catuipe,4
NÃO PARÇA,CONECTA CARGO,SP,Ibate,4
NÃO PARÇA,FAVORITA,MT,Sorriso,4
NÃO PARÇA,MG - DOMINALOG,BA,Mucuge,4
NÃO PARÇA,CONECTA CARGO,SC,Bombinhas,4
NÃO PARÇA,FAVORITA,MT,Tangara da Serra,4
NÃO PARÇA,MG - DOMINALOG,RS,Cangucu,4
NÃO PARÇA,CONECTA CARGO,MG,Medina,4
NÃO PARÇA,CONECTA CARGO,SP,Porangaba,4
NÃO PARÇA,MG - DOMINALOG,PI,Parnaiba,4
NÃO PARÇA,CONECTA CARGO,SC,Sombrio,4
NÃO PARÇA,MG - DOMINALOG,BA,Vera Cruz,4
NÃO PARÇA,CONECTA CARGO,SP,Santo Antonio do Pinhal,4
NÃO PARÇA,CONECTA CARGO,SP,Americo Brasiliense,4
NÃO PARÇA,RIO - BULKYLOG,RJ,Rio de Janeiro,4
NÃO PARÇA,FAVORITA,MS,Nova Andradina,4
NÃO PARÇA,CONECTA CARGO,SC,Mafra,4
NÃO PARÇA,CONECTA CARGO,MG,Paracatu,4
NÃO PARÇA,MG - DOMINALOG,ES,Ibatiba,4
NÃO PARÇA,MG - DOMINALOG,BA,Porto Seguro,4
NÃO PARÇA,MG - DOMINALOG,BA,Itaberaba,4
NÃO PARÇA,MG - DOMINALOG,PE,Araripina,4
NÃO PARÇA,RIO - BULKYLOG,RJ,Areal,4
NÃO PARÇA,CONECTA CARGO,SP,Novo Horizonte,4
NÃO PARÇA,CONECTA CARGO,SP,Mirante do Paranapanema,4
NÃO PARÇA,CONECTA CARGO,SC,Sao Miguel do Oeste,4
NÃO PARÇA,CONECTA CARGO,SP,Jardinopolis,4
NÃO PARÇA,MG - DOMINALOG,PR,Laranjeiras do Sul,4
NÃO PARÇA,MG - DOMINALOG,MA,Paco do Lumiar,4
NÃO PARÇA,MG - DOMINALOG,BA,Baixa Grande,4
NÃO PARÇA,MG - DOMINALOG,CE,Senador Pompeu,4
NÃO PARÇA,CONECTA CARGO,SC,Ituporanga,4
NÃO PARÇA,CONECTA CARGO,SC,Araquari,4
NÃO PARÇA,MG - DOMINALOG,MA,Sao Jose de Ribamar,4
NÃO PARÇA,CONECTA CARGO,MG,Joao Monlevade,4
NÃO PARÇA,FAVORITA,GO,Senador Canedo,4
NÃO PARÇA,MG - DOMINALOG,SE,Barra dos Coqueiros,4
NÃO PARÇA,CONECTA CARGO,MG,Muriae,4
NÃO PARÇA,CONECTA CARGO,SP,Sao Bento do Sapucai,4
NÃO PARÇA,CONECTA CARGO,SP,Auriflama,4
NÃO PARÇA,CONECTA CARGO,SP,Jau,3
NÃO PARÇA,MG - DOMINALOG,CE,Horizonte,3
NÃO PARÇA,CONECTA CARGO,SP,Caieiras,3
NÃO PARÇA,CONECTA CARGO,SP,Pereira Barreto,3
NÃO PARÇA,FAVORITA,MS,Corumba,3
NÃO PARÇA,MG - DOMINALOG,AL,Girau do Ponciano,3
NÃO PARÇA,CONECTA CARGO,SP,Iacanga,3
NÃO PARÇA,CONECTA CARGO,SP,Mirassol,3
NÃO PARÇA,FAVORITA,GO,Posse,3
NÃO PARÇA,CONECTA CARGO,SC,Joacaba,3
NÃO PARÇA,CONECTA CARGO,SP,Porto Ferreira,3
NÃO PARÇA,FAVORITA,GO,Neropolis,3
NÃO PARÇA,MG - DOMINALOG,PI,Luzilandia,3
NÃO PARÇA,MG - DOMINALOG,CE,Iguatu,3
NÃO PARÇA,MG - DOMINALOG,CE,Quixeramobim,3
NÃO PARÇA,CONECTA CARGO,ES,Vila Velha,3
NÃO PARÇA,BULKY LOG - JUN,SP,Cordeiropolis,3
NÃO PARÇA,CONECTA CARGO,SP,Taquarituba,3
NÃO PARÇA,CONECTA CARGO,SP,Batatais,3
NÃO PARÇA,CONECTA CARGO,SP,Ipua,3
NÃO PARÇA,CONECTA CARGO,SC,Maravilha,3
NÃO PARÇA,BULKY LOG - JUN,SP,Campinas,3
NÃO PARÇA,MG - DOMINALOG,CE,Ico,3
NÃO PARÇA,ARUJA - BULKY,SP,Mogi das Cruzes,3
NÃO PARÇA,MG - DOMINALOG,RS,Venancio Aires,3
NÃO PARÇA,FAVORITA,GO,Corumbaiba,3
NÃO PARÇA,CONECTA CARGO,SP,Parapua,3
NÃO PARÇA,CONECTA CARGO,SP,Juquia,3
NÃO PARÇA,CONECTA CARGO,MG,Santana do Paraiso,3
NÃO PARÇA,CONECTA CARGO,MG,Uba,3
NÃO PARÇA,MG - DOMINALOG,CE,Caninde,3
NÃO PARÇA,CONECTA CARGO,MG,Sao Sebastiao do Paraiso,3
NÃO PARÇA,CONECTA CARGO,SP,Morro Agudo,3
NÃO PARÇA,MG - DOMINALOG,PR,Terra Boa,3
NÃO PARÇA,CONECTA CARGO,SP,Santa Adelia,3
NÃO PARÇA,CONECTA CARGO,SP,Santo Anastacio,3
NÃO PARÇA,FAVORITA,MT,Pontes e Lacerda,3
NÃO PARÇA,MG - DOMINALOG,BA,Rio do Pires,3
NÃO PARÇA,MG - DOMINALOG,PR,Santa Fe,3
NÃO PARÇA,CONECTA CARGO,SP,Cajobi,3
NÃO PARÇA,CONECTA CARGO,MG,Tiradentes,3
NÃO PARÇA,MG - DOMINALOG,BA,Sento Se,3
NÃO PARÇA,CONECTA CARGO,SP,Presidente Venceslau,3
NÃO PARÇA,CONECTA CARGO,SP,Sao Joao da Boa Vista,3
NÃO PARÇA,MG - DOMINALOG,PR,Pien,3
NÃO PARÇA,CONECTA CARGO,SP,Guaraci,3
NÃO PARÇA,CONECTA CARGO,SP,Valentim Gentil,3
NÃO PARÇA,MG - DOMINALOG,BA,Bom Jesus da Lapa,3
NÃO PARÇA,CONECTA CARGO,SP,Capao Bonito,3
NÃO PARÇA,MG - DOMINALOG,BA,Teixeira de Freitas,3
NÃO PARÇA,CONECTA CARGO,SP,Embu das Artes,3
NÃO PARÇA,CONECTA CARGO,SC,Sao Lourenco do Oeste,3
NÃO PARÇA,CONECTA CARGO,MG,Piranga,3
NÃO PARÇA,FAVORITA,GO,Formosa,3
NÃO PARÇA,MG - DOMINALOG,BA,Itacare,3
NÃO PARÇA,CONECTA CARGO,SP,Brotas,3
NÃO PARÇA,MG - DOMINALOG,RS,Flores da Cunha,3
NÃO PARÇA,FAVORITA,GO,Ipora,3
NÃO PARÇA,MG - DOMINALOG,ES,Domingos Martins,3
NÃO PARÇA,CONECTA CARGO,MG,Para de Minas,3
NÃO PARÇA,CONECTA CARGO,SC,Sao Bento do Sul,3
NÃO PARÇA,MG - DOMINALOG,AL,Arapiraca,3
NÃO PARÇA,MG - DOMINALOG,PB,Cabedelo,3
NÃO PARÇA,BETIM - BULKY L,MG,Belo Horizonte,3
NÃO PARÇA,CONECTA CARGO,RJ,Aperibe,3
NÃO PARÇA,CONECTA CARGO,SP,Irapuru,3
NÃO PARÇA,CONECTA CARGO,SP,Presidente Epitacio,3
NÃO PARÇA,CONECTA CARGO,SP,Guaira,3
NÃO PARÇA,MG - DOMINALOG,BA,Mutuipe,3
NÃO PARÇA,FAVORITA,GO,Goianesia,3
NÃO PARÇA,MG - DOMINALOG,RS,Santa Vitoria do Palmar,3
NÃO PARÇA,MG - DOMINALOG,CE,Sobral,3
NÃO PARÇA,MG - DOMINALOG,CE,Mauriti,3
NÃO PARÇA,CONECTA CARGO,SP,Barrinha,3
NÃO PARÇA,CONECTA CARGO,MG,Passos,3
NÃO PARÇA,CONECTA CARGO,MG,Paraopeba,3
NÃO PARÇA,CONECTA CARGO,SP,Regente Feijo,3
NÃO PARÇA,GRAVATAI - BULK,RS,Gramado,3
NÃO PARÇA,CONECTA CARGO,SP,Piraju,3
NÃO PARÇA,FAVORITA,MS,Chapadao do Sul,3
NÃO PARÇA,MG - DOMINALOG,RS,Osorio,3
NÃO PARÇA,MG - DOMINALOG,PR,Ubirata,3
NÃO PARÇA,MG - DOMINALOG,PR,Bom Sucesso,3
NÃO PARÇA,MG - DOMINALOG,RS,Rosario do Sul,3
NÃO PARÇA,MG - DOMINALOG,RS,Jaguarao,3
NÃO PARÇA,CONECTA CARGO,SP,Santa Rosa de Viterbo,3
NÃO PARÇA,MG - DOMINALOG,PE,Garanhuns,3
NÃO PARÇA,MG - DOMINALOG,MA,Balsas,3
NÃO PARÇA,CONECTA CARGO,SP,Meridiano,3
NÃO PARÇA,MG - DOMINALOG,ES,Guacui,3
NÃO PARÇA,CONECTA CARGO,SP,Paranapanema,3
NÃO PARÇA,MG - DOMINALOG,BA,Serra do Ramalho,3
NÃO PARÇA,CONECTA CARGO,SP,Sao Joaquim da Barra,3
NÃO PARÇA,CONECTA CARGO,SP,Mirandopolis,3
NÃO PARÇA,GRAVATAI - BULK,RS,Osorio,3
NÃO PARÇA,CONECTA CARGO,MG,Virginopolis,3
NÃO PARÇA,CONECTA CARGO,MG,Capelinha,3
NÃO PARÇA,CONECTA CARGO,SC,Quilombo,3
NÃO PARÇA,CONECTA CARGO,MG,Santa Vitoria,3
NÃO PARÇA,MG - DOMINALOG,RS,Porto Xavier,3
NÃO PARÇA,CONECTA CARGO,SP,Fernando Prestes,3
NÃO PARÇA,CONECTA CARGO,SP,Igarapava,3
NÃO PARÇA,MG - DOMINALOG,CE,Maranguape,3
NÃO PARÇA,MG - DOMINALOG,MA,Presidente Dutra,3
NÃO PARÇA,FAVORITA,MS,Bataguassu,3
NÃO PARÇA,FAVORITA,GO,Itumbiara,3
NÃO PARÇA,MG - DOMINALOG,PR,Ribeirao Claro,3
NÃO PARÇA,CONECTA CARGO,SP,Ibira,3
NÃO PARÇA,CONECTA CARGO,SC,Porto Belo,3
NÃO PARÇA,MG - DOMINALOG,RS,Cachoeira do Sul,3
NÃO PARÇA,MG - DOMINALOG,RS,Rio Pardo,3
NÃO PARÇA,CONECTA CARGO,MG,Itamarandiba,3
NÃO PARÇA,CONECTA CARGO,MG,Itamonte,3
NÃO PARÇA,CONECTA CARGO,SP,Pirajui,3
NÃO PARÇA,MG - DOMINALOG,CE,Maracanau,3
NÃO PARÇA,CONECTA CARGO,SP,Iepe,3
NÃO PARÇA,MG - DOMINALOG,ES,Muniz Freire,3
NÃO PARÇA,MG - DOMINALOG,PR,Sao Mateus do Sul,2
NÃO PARÇA,SALVADOR-BULKY,BA,Salvador,2
NÃO PARÇA,MG - DOMINALOG,PR,Marilena,2
NÃO PARÇA,CONECTA CARGO,SP,Pedro de Toledo,2
NÃO PARÇA,CONECTA CARGO,SC,Presidente Getulio,2
NÃO PARÇA,MG - DOMINALOG,RS,Estancia Velha,2
NÃO PARÇA,CONECTA CARGO,SC,Balneario Gaivota,2
NÃO PARÇA,MG - DOMINALOG,BA,Caetite,2
NÃO PARÇA,MG - DOMINALOG,ES,Conceicao da Barra,2
NÃO PARÇA,CONECTA CARGO,MG,Santa Maria do Suacui,2
NÃO PARÇA,MG - DOMINALOG,PB,Guarabira,2
NÃO PARÇA,FAVORITA,GO,Planaltina,2
NÃO PARÇA,CONECTA CARGO,MG,Itauna,2
NÃO PARÇA,MG - DOMINALOG,ES,Anchieta,2
NÃO PARÇA,CONECTA CARGO,SP,Pratania,2
NÃO PARÇA,CONECTA CARGO,SP,Oriente,2
NÃO PARÇA,CONECTA CARGO,SP,Viradouro,2
NÃO PARÇA,CONECTA CARGO,MG,Capela Nova,2
NÃO PARÇA,CONECTA CARGO,SC,Urussanga,2
NÃO PARÇA,MG - DOMINALOG,MA,Timon,2
NÃO PARÇA,CONECTA CARGO,MG,Barao de Cocais,2
NÃO PARÇA,MG - DOMINALOG,PE,Belo Jardim,2
NÃO PARÇA,CONECTA CARGO,SP,Dobrada,2
NÃO PARÇA,CONECTA CARGO,SP,Joao Ramalho,2
NÃO PARÇA,MG - DOMINALOG,PR,Pato Branco,2
NÃO PARÇA,CONECTA CARGO,SP,Monteiro Lobato,2
NÃO PARÇA,CONECTA CARGO,MG,Itapecerica,2
NÃO PARÇA,MG - DOMINALOG,ES,Venda Nova do Imigrante,2
NÃO PARÇA,CONECTA CARGO,SP,Bastos,2
NÃO PARÇA,MG - DOMINALOG,RS,Pedro Osorio,2
NÃO PARÇA,CONECTA CARGO,SP,Palmeira DOeste,2
NÃO PARÇA,CONECTA CARGO,MG,Urucania,2
NÃO PARÇA,MG - DOMINALOG,RS,Nova Petropolis,2
NÃO PARÇA,CONECTA CARGO,SC,Curitibanos,2
NÃO PARÇA,MG - DOMINALOG,MA,Governador Eugenio Barros,2
NÃO PARÇA,CONECTA CARGO,SP,Buritama,2
NÃO PARÇA,MG - DOMINALOG,BA,Urucuca,2
NÃO PARÇA,FAVORITA,MT,Canarana,2
NÃO PARÇA,MG - DOMINALOG,BA,Coracao de Maria,2
NÃO PARÇA,FAVORITA,GO,Divinopolis de Goias,2
NÃO PARÇA,CONECTA CARGO,MG,Arceburgo,2
NÃO PARÇA,CONECTA CARGO,SP,Severinia,2
NÃO PARÇA,CONECTA CARGO,SP,Junqueiropolis,2
NÃO PARÇA,MG - DOMINALOG,PB,Patos,2
NÃO PARÇA,CONECTA CARGO,SC,Dionisio Cerqueira,2
NÃO PARÇA,CONECTA CARGO,MG,Ladainha,2
NÃO PARÇA,CONECTA CARGO,SC,Cocal do Sul,2
NÃO PARÇA,CONECTA CARGO,SP,Colina,2
NÃO PARÇA,CONECTA CARGO,MG,Jaboticatubas,2
NÃO PARÇA,MG - DOMINALOG,BA,Morro do Chapeu,2
NÃO PARÇA,CONECTA CARGO,SP,Aguai,2
NÃO PARÇA,CONECTA CARGO,SP,Dourado,2
NÃO PARÇA,BULKY - SJ PINH,PR,Curitiba,2
NÃO PARÇA,MG - DOMINALOG,BA,Mirante,2
NÃO PARÇA,MG - DOMINALOG,BA,Dias Davila,2
NÃO PARÇA,CONECTA CARGO,SP,Roseira,2
NÃO PARÇA,CONECTA CARGO,MG,aguas Formosas,2
NÃO PARÇA,CONECTA CARGO,MG,Engenheiro Caldas,2
NÃO PARÇA,CONECTA CARGO,SC,Capivari de Baixo,2
NÃO PARÇA,MG - DOMINALOG,RS,Santiago,2
NÃO PARÇA,CONECTA CARGO,MG,Resende Costa,2
NÃO PARÇA,CONECTA CARGO,RJ,Quissama,2
NÃO PARÇA,MG - DOMINALOG,SC,Tijucas,2
NÃO PARÇA,CONECTA CARGO,MG,Coroaci,2
NÃO PARÇA,CONECTA CARGO,SP,Cajuru,2
NÃO PARÇA,MG - DOMINALOG,PR,Salto do Lontra,2
NÃO PARÇA,CONECTA CARGO,SP,Descalvado,2
NÃO PARÇA,CONECTA CARGO,RJ,Trajano de Moraes,2
NÃO PARÇA,MG - DOMINALOG,PE,Salgueiro,2
NÃO PARÇA,MG - DOMINALOG,BA,Mucuri,2
NÃO PARÇA,CONECTA CARGO,SP,Charqueada,2
NÃO PARÇA,MG - DOMINALOG,ES,Jeronimo Monteiro,2
NÃO PARÇA,GRAVATAI - BULK,RS,Arroio do Sal,2
NÃO PARÇA,CONECTA CARGO,MG,Mantena,2
NÃO PARÇA,FAVORITA,MS,Ribas do Rio Pardo,2
NÃO PARÇA,MG - DOMINALOG,CE,Eusebio,2
NÃO PARÇA,CONECTA CARGO,MG,Tres Coracoes,2
NÃO PARÇA,MG - DOMINALOG,PE,Sao Bento do Una,2
NÃO PARÇA,CONECTA CARGO,RJ,Itaocara,2
NÃO PARÇA,VIANA - BULKY,ES,Viana,2
NÃO PARÇA,MG - DOMINALOG,BA,Crisopolis,2
NÃO PARÇA,CONECTA CARGO,SP,Jacupiranga,2
NÃO PARÇA,MG - DOMINALOG,MA,Pinheiro,2
NÃO PARÇA,MG - DOMINALOG,PR,Ivate,2
NÃO PARÇA,MG - DOMINALOG,RS,Ibiruba,2
NÃO PARÇA,CONECTA CARGO,SP,Santo Antonio do Aracangua,2
NÃO PARÇA,MG - DOMINALOG,PI,Oeiras,2
NÃO PARÇA,GRAVATAI - BULK,RS,Torres,2
NÃO PARÇA,MG - DOMINALOG,RS,Carazinho,2
NÃO PARÇA,GRAVATAI - BULK,RS,Imbe,2
NÃO PARÇA,MG - DOMINALOG,AL,Piranhas,2
NÃO PARÇA,MG - DOMINALOG,RS,Ijui,2
NÃO PARÇA,MG - DOMINALOG,BA,Santa Maria da Vitoria,2
NÃO PARÇA,MG - DOMINALOG,MA,Ze Doca,2
NÃO PARÇA,CONECTA CARGO,SP,Mococa,2
NÃO PARÇA,MG - DOMINALOG,ES,Alfredo Chaves,2
NÃO PARÇA,FAVORITA,GO,aguas Lindas de Goias,2
NÃO PARÇA,MG - DOMINALOG,BA,Iraquara,2
NÃO PARÇA,CONECTA CARGO,MG,aguas Vermelhas,2
NÃO PARÇA,FAVORITA,MT,Primavera do Leste,2
NÃO PARÇA,MG - DOMINALOG,RS,Tres Passos,2
NÃO PARÇA,CONECTA CARGO,MG,Mar de Espanha,2
NÃO PARÇA,MG - DOMINALOG,SE,Umbauba,2
NÃO PARÇA,CONECTA CARGO,SP,Pederneiras,2
NÃO PARÇA,MG - DOMINALOG,ES,Presidente Kennedy,2
NÃO PARÇA,CONECTA CARGO,SP,Martinopolis,2
NÃO PARÇA,GRAVATAI - BULK,RS,Ararica,2
NÃO PARÇA,MG - DOMINALOG,BA,Ituacu,2
NÃO PARÇA,CONECTA CARGO,SC,Icara,2
NÃO PARÇA,CONECTA CARGO,MG,Santos Dumont,2
NÃO PARÇA,MG - DOMINALOG,PR,Realeza,2
NÃO PARÇA,CONECTA CARGO,MG,Bom Despacho,2
NÃO PARÇA,FAVORITA,MT,Santa Carmem,2
NÃO PARÇA,MG - DOMINALOG,ES,Muqui,2
NÃO PARÇA,MG - DOMINALOG,RN,Montanhas,2
NÃO PARÇA,MG - DOMINALOG,SE,Itaporanga DAjuda,2
NÃO PARÇA,CONECTA CARGO,SP,Tambau,2
NÃO PARÇA,MG - DOMINALOG,PR,Candido de Abreu,2
NÃO PARÇA,CONECTA CARGO,SC,Indaial,2
NÃO PARÇA,BLZ,SC,Brusque,2
NÃO PARÇA,CONECTA CARGO,SP,Sao Manuel,2
NÃO PARÇA,MG - DOMINALOG,RS,Vacaria,2
NÃO PARÇA,MG - DOMINALOG,ES,Castelo,2
NÃO PARÇA,MG - DOMINALOG,CE,Aracoiaba,2
NÃO PARÇA,MG - DOMINALOG,SE,Poco Verde,2
NÃO PARÇA,MG - DOMINALOG,CE,Paracuru,2
NÃO PARÇA,MG - DOMINALOG,PR,Balsa Nova,2
NÃO PARÇA,MG - DOMINALOG,ES,Santa Teresa,2
NÃO PARÇA,CONECTA CARGO,SP,Guzolandia,2
NÃO PARÇA,CONECTA CARGO,MG,Januaria,2
NÃO PARÇA,CONECTA CARGO,SP,Ouroeste,2
NÃO PARÇA,MG - DOMINALOG,RS,Marau,2
NÃO PARÇA,FAVORITA,PA,Parauapebas,2
NÃO PARÇA,CONECTA CARGO,MG,Mariana,2
NÃO PARÇA,MG - DOMINALOG,PR,Santa Helena,2
NÃO PARÇA,CONECTA CARGO,SP,Cachoeira Paulista,2
NÃO PARÇA,CONECTA CARGO,MG,Raul Soares,2
NÃO PARÇA,CONECTA CARGO,MG,Itabira,2
NÃO PARÇA,MG - DOMINALOG,RS,Toropi,2
NÃO PARÇA,CONECTA CARGO,SP,Pedregulho,2
NÃO PARÇA,BULKY LOG - JUN,SP,Serra Negra,2
NÃO PARÇA,CONECTA CARGO,SP,Ituverava,2
NÃO PARÇA,ARUJA - BULKY,SP,Santos,2
NÃO PARÇA,ARAPON-BULKY,PR,Ibipora,2
NÃO PARÇA,CONECTA CARGO,MG,Itajuba,2
NÃO PARÇA,FAVORITA,MT,Sao Jose do Rio Claro,2
NÃO PARÇA,CONECTA CARGO,SP,Potim,2
NÃO PARÇA,MG - DOMINALOG,ES,Nova Venecia,2
NÃO PARÇA,MG - DOMINALOG,BA,Itabela,2
NÃO PARÇA,CONECTA CARGO,SP,Itai,2
NÃO PARÇA,CONECTA CARGO,SP,Vargem,2
NÃO PARÇA,CONECTA CARGO,SP,Bady Bassitt,2
NÃO PARÇA,MG - DOMINALOG,BA,Mata de Sao Joao,2
NÃO PARÇA,MG - DOMINALOG,ES,Iconha,2
NÃO PARÇA,CONECTA CARGO,SP,Urupes,2
NÃO PARÇA,CONECTA CARGO,SC,Tijucas,2
NÃO PARÇA,MG - DOMINALOG,PR,Quatigua,2
NÃO PARÇA,CONECTA CARGO,SC,Urubici,2
NÃO PARÇA,MG - DOMINALOG,SE,Boquim,2
NÃO PARÇA,CONECTA CARGO,MG,Lavras,2
NÃO PARÇA,MG - DOMINALOG,RS,Tres Cachoeiras,2
NÃO PARÇA,MG - DOMINALOG,AL,Coruripe,2
NÃO PARÇA,MG - DOMINALOG,PE,Cabo de Santo Agostinho,2
NÃO PARÇA,CONECTA CARGO,SC,Porto Uniao,2
NÃO PARÇA,MG - DOMINALOG,RS,Itaqui,2
NÃO PARÇA,MG - DOMINALOG,CE,Icapui,2
NÃO PARÇA,CONECTA CARGO,MG,Itatiaiucu,2
NÃO PARÇA,BULKY LOG - JUN,SP,Piracicaba,2
NÃO PARÇA,FAVORITA,MS,Sonora,2
NÃO PARÇA,CONECTA CARGO,SC,Tres Barras,2
NÃO PARÇA,CONECTA CARGO,SP,Santa Cruz do Rio Pardo,2
NÃO PARÇA,MG - DOMINALOG,RS,Charqueadas,2
NÃO PARÇA,MG - DOMINALOG,PR,Santa Tereza do Oeste,2
NÃO PARÇA,MG - DOMINALOG,BA,Condeuba,2
NÃO PARÇA,CONECTA CARGO,SP,Barra Bonita,2
NÃO PARÇA,CONECTA CARGO,MG,Varginha,2
NÃO PARÇA,MG - DOMINALOG,RS,Pinto Bandeira,2
NÃO PARÇA,MG - DOMINALOG,ES,Marechal Floriano,2
NÃO PARÇA,MG - DOMINALOG,ES,Atilio Vivacqua,2
NÃO PARÇA,MG - DOMINALOG,RS,Butia,2
NÃO PARÇA,CONECTA CARGO,MG,Perdizes,2
NÃO PARÇA,CONECTA CARGO,SP,Bananal,2
NÃO PARÇA,CONECTA CARGO,MG,Conselheiro Pena,2
NÃO PARÇA,CONECTA CARGO,MG,Santa Margarida,2
NÃO PARÇA,MG - DOMINALOG,RS,Horizontina,2
NÃO PARÇA,MG - DOMINALOG,CE,Itaitinga,2
NÃO PARÇA,MG - DOMINALOG,PB,Alhandra,2
NÃO PARÇA,MG - DOMINALOG,PR,Coronel Domingos Soares,2
NÃO PARÇA,MG - DOMINALOG,PR,Francisco Beltrao,2
NÃO PARÇA,CONECTA CARGO,MG,Pocos de Caldas,2
NÃO PARÇA,FAVORITA,GO,Alto Paraiso de Goias,2
NÃO PARÇA,FAVORITA,GO,Inhumas,2
NÃO PARÇA,MG - DOMINALOG,ES,Vargem Alta,2
NÃO PARÇA,MG - DOMINALOG,BA,Itagi,2
NÃO PARÇA,CAMPOS - NFC,SP,Sao Jose dos Campos,2
NÃO PARÇA,CONECTA CARGO,SP,Itapolis,2
NÃO PARÇA,MG - DOMINALOG,ES,Linhares,2
NÃO PARÇA,CONECTA CARGO,SC,Rio Negrinho,2
NÃO PARÇA,MG - DOMINALOG,PR,Jaguariaiva,2
NÃO PARÇA,MG - DOMINALOG,AL,Delmiro Gouveia,2
NÃO PARÇA,MG - DOMINALOG,BA,Sao Jose do Jacuipe,2
NÃO PARÇA,CONECTA CARGO,MG,Oliveira,2
NÃO PARÇA,CONECTA CARGO,MG,Mamonas,2
NÃO PARÇA,MG - DOMINALOG,BA,Pilao Arcado,2
NÃO PARÇA,MG - DOMINALOG,PR,Lapa,2
NÃO PARÇA,BENTO ENCOMENDA,SP,Indaiatuba,2
NÃO PARÇA,MG - DOMINALOG,CE,Crateus,2
NÃO PARÇA,BULKY LOG - JUN,SP,Saltinho,2
NÃO PARÇA,CONECTA CARGO,SP,Conchas,2
NÃO PARÇA,MG - DOMINALOG,CE,Tabuleiro do Norte,2
NÃO PARÇA,MG - DOMINALOG,MA,Itapecuru Mirim,2
NÃO PARÇA,MG - DOMINALOG,PR,Imbituva,2
NÃO PARÇA,CONECTA CARGO,SC,Pomerode,2
NÃO PARÇA,CONECTA CARGO,MG,Cambui,2
NÃO PARÇA,CONECTA CARGO,SP,Itapui,2
NÃO PARÇA,CONECTA CARGO,SP,Bariri,2
NÃO PARÇA,CONECTA CARGO,MG,Joao Pinheiro,2
NÃO PARÇA,CONECTA CARGO,SP,Sao Miguel Arcanjo,2
NÃO PARÇA,MG - DOMINALOG,RS,Cerro Largo,2
NÃO PARÇA,MG - DOMINALOG,RS,Sao Jose do Norte,2
NÃO PARÇA,CONECTA CARGO,SP,Tabatinga,2
NÃO PARÇA,MG - DOMINALOG,BA,Ibipeba,2
NÃO PARÇA,MG - DOMINALOG,BA,Guanambi,2
NÃO PARÇA,MG - DOMINALOG,CE,Limoeiro do Norte,2
NÃO PARÇA,CONECTA CARGO,MG,Turmalina,2
NÃO PARÇA,CONECTA CARGO,SP,Lindoia,2
NÃO PARÇA,MG - DOMINALOG,RS,Tres de Maio,2
NÃO PARÇA,CONECTA CARGO,SC,Palmitos,2
NÃO PARÇA,CONECTA CARGO,MG,Florestal,2
NÃO PARÇA,CONECTA CARGO,SP,Brodowski,2
NÃO PARÇA,CONECTA CARGO,SP,Pauliceia,2
NÃO PARÇA,CONECTA CARGO,SP,Sabino,2
NÃO PARÇA,CONECTA CARGO,MG,Sao Sebastiao do Anta,2
NÃO PARÇA,CONECTA CARGO,SP,Miracatu,2
NÃO PARÇA,MG - DOMINALOG,RS,Sao Borja,2
NÃO PARÇA,CONECTA CARGO,SP,Gaviao Peixoto,2
NÃO PARÇA,CONECTA CARGO,SC,Xaxim,2
NÃO PARÇA,VIANA - BULKY,SP,Sao Paulo,2
NÃO PARÇA,CONECTA CARGO,SC,Gaspar,2
NÃO PARÇA,CONECTA CARGO,SP,Cardoso,2
NÃO PARÇA,MG - DOMINALOG,RN,Pau dos Ferros,2
NÃO PARÇA,MG - DOMINALOG,PE,Orobo,2
NÃO PARÇA,MG - DOMINALOG,PI,Barro Duro,2
NÃO PARÇA,MG - DOMINALOG,PI,Floriano,2
NÃO PARÇA,MG - DOMINALOG,RS,Agudo,2
NÃO PARÇA,MG - DOMINALOG,PR,Uniao da Vitoria,2
NÃO PARÇA,MG - DOMINALOG,BA,Canavieiras,2
NÃO PARÇA,CONECTA CARGO,MG,Sao Pedro da Uniao,2
NÃO PARÇA,MG - DOMINALOG,AL,Pilar,2
NÃO PARÇA,CONECTA CARGO,MG,Porto Firme,2
NÃO PARÇA,MG - DOMINALOG,RS,Picada Cafe,2
NÃO PARÇA,FAVORITA,MT,Barra do Garcas,2
NÃO PARÇA,MG - DOMINALOG,RN,Sao Miguel,2
NÃO PARÇA,BLZ,RS,Porto Alegre,2
NÃO PARÇA,CONECTA CARGO,SP,Rubineia,2
NÃO PARÇA,MG - DOMINALOG,BA,Ipiau,2
NÃO PARÇA,CONECTA CARGO,SP,Adamantina,2
NÃO PARÇA,CONECTA CARGO,SP,Potirendaba,1
NÃO PARÇA,MG - DOMINALOG,PI,Sao Francisco de Assis do Piaui,1
NÃO PARÇA,MG - DOMINALOG,PR,Agudos do Sul,1
NÃO PARÇA,CONECTA CARGO,SP,Uniao Paulista,1
NÃO PARÇA,MG - DOMINALOG,PE,Gloria do Goita,1
NÃO PARÇA,MG - DOMINALOG,AL,Pariconha,1
NÃO PARÇA,MG - DOMINALOG,PI,Valenca do Piaui,1
NÃO PARÇA,MG - DOMINALOG,RS,Fontoura Xavier,1
NÃO PARÇA,VENKON - NE,MA,Barreirinhas,1
NÃO PARÇA,CONECTA CARGO,SP,Campina do Monte Alegre,1
NÃO PARÇA,CONECTA CARGO,MG,Muzambinho,1
NÃO PARÇA,CONECTA CARGO,MG,Uniao de Minas,1
NÃO PARÇA,MG - DOMINALOG,AL,Palestina,1
NÃO PARÇA,FAVORITA,GO,Goiatuba,1
NÃO PARÇA,MG - DOMINALOG,BA,Itatim,1
NÃO PARÇA,FAVORITA,GO,Silvania,1
NÃO PARÇA,CONECTA CARGO,MG,Grao Mogol,1
NÃO PARÇA,MG - DOMINALOG,RN,Acu,1
NÃO PARÇA,NFC,SP,Sao Jose dos Campos,1
NÃO PARÇA,MG - DOMINALOG,PR,Nova Prata do Iguacu,1
NÃO PARÇA,CONECTA CARGO,MG,Congonhas do Norte,1
NÃO PARÇA,MG - DOMINALOG,MA,Barra do Corda,1
NÃO PARÇA,CONECTA CARGO,MG,Itabirito,1
NÃO PARÇA,MG - DOMINALOG,CE,Crato,1
NÃO PARÇA,CONECTA CARGO,MG,Pedralva,1
NÃO PARÇA,FAVORITA,GO,Niquelandia,1
NÃO PARÇA,MG - DOMINALOG,BA,Serrolandia,1
NÃO PARÇA,MG - DOMINALOG,PE,Serrita,1
NÃO PARÇA,MG - DOMINALOG,PI,Buriti dos Lopes,1
NÃO PARÇA,MG - DOMINALOG,MA,Sao Joao dos Patos,1
NÃO PARÇA,CONECTA CARGO,MG,Entre Folhas,1
NÃO PARÇA,MG - DOMINALOG,PR,Terra Roxa,1
NÃO PARÇA,CONECTA CARGO,RJ,Santo Antonio de Padua,1
NÃO PARÇA,BULKY LOG - JUN,SP,Valinhos,1
NÃO PARÇA,CONECTA CARGO,SP,Itobi,1
NÃO PARÇA,MG - DOMINALOG,SE,Nossa Senhora do Socorro,1
NÃO PARÇA,MG - DOMINALOG,BA,Ibiassuce,1
NÃO PARÇA,MG - DOMINALOG,AL,Sao Bras,1
NÃO PARÇA,MG - DOMINALOG,MG,Esmeraldas,1
NÃO PARÇA,CONECTA CARGO,SC,Videira,1
NÃO PARÇA,MG - DOMINALOG,BA,Manoel Vitorino,1
NÃO PARÇA,CONECTA CARGO,SP,Taiacu,1
NÃO PARÇA,CONECTA CARGO,MG,Tumiritinga,1
NÃO PARÇA,MG - DOMINALOG,RN,Sao Jose de Mipibu,1
NÃO PARÇA,CONECTA CARGO,MG,Ponto dos Volantes,1
NÃO PARÇA,CONECTA CARGO,SC,Botuvera,1
NÃO PARÇA,MG - DOMINALOG,SE,Tobias Barreto,1
NÃO PARÇA,CONECTA CARGO,MG,Bocaiuva,1
NÃO PARÇA,SALVADOR-BULKY,PE,Santa Cruz do Capibaribe,1
NÃO PARÇA,CONECTA CARGO,SP,Rifaina,1
NÃO PARÇA,GRAVATAI - BULK,RS,Morro Reuter,1
NÃO PARÇA,MG - DOMINALOG,MA,Santa Rita,1
NÃO PARÇA,MG - DOMINALOG,RN,Lagoa de Pedras,1
NÃO PARÇA,MG - DOMINALOG,RS,Santo Antonio do Palma,1
NÃO PARÇA,MG - DOMINALOG,CE,Jaguaribara,1
NÃO PARÇA,MG - DOMINALOG,PE,Brejo da Madre de Deus,1
NÃO PARÇA,FAVORITA,MS,Maracaju,1
NÃO PARÇA,CONECTA CARGO,MG,Araujos,1
NÃO PARÇA,ARUJA - BULKY,SP,Poa,1
NÃO PARÇA,MG - DOMINALOG,SE,Frei Paulo,1
NÃO PARÇA,CONECTA CARGO,SC,Papanduva,1
NÃO PARÇA,CONECTA CARGO,SP,Narandiba,1
NÃO PARÇA,MG - DOMINALOG,BA,Tapiramuta,1
NÃO PARÇA,MG - DOMINALOG,PI,Monsenhor Hipolito,1
NÃO PARÇA,MG - DOMINALOG,BA,Barra do Choca,1
NÃO PARÇA,MG - DOMINALOG,RN,Umarizal,1
NÃO PARÇA,MG - DOMINALOG,RS,Antonio Prado,1
NÃO PARÇA,MG - DOMINALOG,PE,Sao Jose da Coroa Grande,1
NÃO PARÇA,MG - DOMINALOG,PR,Reserva do Iguacu,1
NÃO PARÇA,MG - DOMINALOG,BA,Tanhacu,1
NÃO PARÇA,MG - DOMINALOG,PR,Engenheiro Beltrao,1
NÃO PARÇA,MG - DOMINALOG,RS,Ivoti,1
NÃO PARÇA,VIANA - BULKY,RJ,Arraial do Cabo,1
NÃO PARÇA,CONECTA CARGO,MG,Barra Longa,1
NÃO PARÇA,CONECTA CARGO,SP,Anhembi,1
NÃO PARÇA,MG - DOMINALOG,RS,Minas do Leao,1
NÃO PARÇA,MG - DOMINALOG,BA,Coribe,1
NÃO PARÇA,MG - DOMINALOG,MA,Buriticupu,1
NÃO PARÇA,CONECTA CARGO,MG,Presidente Bernardes,1
NÃO PARÇA,MG - DOMINALOG,MA,Carutapera,1
NÃO PARÇA,MG - DOMINALOG,PB,Sousa,1
NÃO PARÇA,MG - DOMINALOG,BA,Paramirim,1
NÃO PARÇA,FATELOG,SP,Louveira,1
NÃO PARÇA,MG - DOMINALOG,PR,Cantagalo,1
NÃO PARÇA,VENKON - NE,BA,Vitoria da Conquista,1
NÃO PARÇA,FAVORITA,MT,Nova Canaa do Norte,1
NÃO PARÇA,CONECTA CARGO,SP,Queluz,1
NÃO PARÇA,CONECTA CARGO,SP,Terra Roxa,1
NÃO PARÇA,CONECTA CARGO,SP,Sao Luiz do Paraitinga,1
NÃO PARÇA,MG - DOMINALOG,PR,Corumbatai do Sul,1
NÃO PARÇA,FAVORITA,MS,Ladario,1
NÃO PARÇA,GRAVATAI - BULK,RS,Salvador do Sul,1
NÃO PARÇA,CONECTA CARGO,SP,Macatuba,1
NÃO PARÇA,CONECTA CARGO,SC,Forquilhinha,1
NÃO PARÇA,CONECTA CARGO,SP,Osvaldo Cruz,1
NÃO PARÇA,CONECTA CARGO,SP,Rafard,1
NÃO PARÇA,CONECTA CARGO,SP,Areiopolis,1
NÃO PARÇA,CONECTA CARGO,MG,Mendes Pimentel,1
NÃO PARÇA,FAVORITA,MT,Jangada,1
NÃO PARÇA,CONECTA CARGO,SC,Braco do Trombudo,1
NÃO PARÇA,CONECTA CARGO,MG,Rio Pomba,1
NÃO PARÇA,MG - DOMINALOG,SC,Florianopolis,1
NÃO PARÇA,FAVORITA,MS,Inocencia,1
NÃO PARÇA,TOTAL EXPRESS,RJ,Saquarema,1
NÃO PARÇA,BULKY LOG - JUN,SP,Jaguariuna,1
NÃO PARÇA,CONECTA CARGO,SP,Torre de Pedra,1
NÃO PARÇA,FATELOG,SP,Tatui,1
NÃO PARÇA,FAVORITA,MT,Juina,1
NÃO PARÇA,GRAVATAI - BULK,RS,Porto Alegre,1
NÃO PARÇA,FAVORITA,GO,Novo Gama,1
NÃO PARÇA,CONECTA CARGO,SP,Cananeia,1
NÃO PARÇA,MG - DOMINALOG,BA,Amargosa,1
NÃO PARÇA,MG - DOMINALOG,RN,Japi,1
NÃO PARÇA,BULKY LOG - JUN,SP,Franca,1
NÃO PARÇA,MG - DOMINALOG,BA,Itiuba,1
NÃO PARÇA,MG - DOMINALOG,PB,Sobrado,1
NÃO PARÇA,MG - DOMINALOG,PR,Sulina,1
NÃO PARÇA,MG - DOMINALOG,RN,Rafael Godeiro,1
NÃO PARÇA,VIANA - BULKY,SP,Cruzeiro,1
NÃO PARÇA,MG - DOMINALOG,PE,Condado,1
NÃO PARÇA,CONECTA CARGO,MG,Bela Vista de Minas,1
NÃO PARÇA,MG - DOMINALOG,PI,Sao Goncalo do Piaui,1
NÃO PARÇA,CONECTA CARGO,MG,Sao Vicente de Minas,1
NÃO PARÇA,MG - DOMINALOG,PE,Sao Jose do Egito,1
NÃO PARÇA,CONECTA CARGO,SP,Itariri,1
NÃO PARÇA,FAVORITA,GO,Morrinhos,1
NÃO PARÇA,MG - DOMINALOG,AL,Tanque DArca,1
NÃO PARÇA,MG - DOMINALOG,BA,Barro Alto,1
NÃO PARÇA,FAVORITA,MS,Bataypora,1
NÃO PARÇA,MG - DOMINALOG,MA,Santa Quiteria do Maranhao,1
NÃO PARÇA,CONECTA CARGO,SP,Jaborandi,1
NÃO PARÇA,CONECTA CARGO,MG,Coluna,1
NÃO PARÇA,MG - DOMINALOG,RN,Lagoa Nova,1
NÃO PARÇA,MG - DOMINALOG,PB,Itatuba,1
NÃO PARÇA,MG - DOMINALOG,BA,Serra Dourada,1
NÃO PARÇA,MG - DOMINALOG,CE,Aratuba,1
NÃO PARÇA,MG - DOMINALOG,RS,Cacique Doble,1
NÃO PARÇA,MG - DOMINALOG,PE,Jupi,1
NÃO PARÇA,MG - DOMINALOG,PB,Cajazeiras,1
NÃO PARÇA,MG - DOMINALOG,PE,Altinho,1
NÃO PARÇA,MG - DOMINALOG,BA,Wanderley,1
NÃO PARÇA,MG - DOMINALOG,RN,Major Sales,1
NÃO PARÇA,FAVORITA,PA,Abel Figueiredo,1
NÃO PARÇA,CONECTA CARGO,SP,Palmital,1
NÃO PARÇA,MG - DOMINALOG,PE,Calumbi,1
NÃO PARÇA,FAVORITA,RO,Candeias do Jamari,1
NÃO PARÇA,CONECTA CARGO,SP,Miguelopolis,1
NÃO PARÇA,MG - DOMINALOG,BA,Iguai,1
NÃO PARÇA,CONECTA CARGO,MG,Matias Cardoso,1
NÃO PARÇA,MG - DOMINALOG,CE,Ararenda,1
NÃO PARÇA,CONECTA CARGO,SP,Apiai,1
NÃO PARÇA,CONECTA CARGO,SP,Guapiacu,1
NÃO PARÇA,MG - DOMINALOG,RS,Colorado,1
NÃO PARÇA,CONECTA CARGO,MG,Taquaracu de Minas,1
NÃO PARÇA,BULKY LOG - JUN,SP,Braganca Paulista,1
NÃO PARÇA,MG - DOMINALOG,BA,Boa Nova,1
NÃO PARÇA,CONECTA CARGO,MG,Mata Verde,1
NÃO PARÇA,MG - DOMINALOG,PI,Campo Maior,1
NÃO PARÇA,MG - DOMINALOG,RS,Estacao,1
NÃO PARÇA,MG - DOMINALOG,MA,Codo,1
NÃO PARÇA,MG - DOMINALOG,SE,Campo do Brito,1
NÃO PARÇA,FCB - TRANSPORT,SP,Sao Jose do Rio Preto,1
NÃO PARÇA,FAVORITA,MS,Selviria,1
NÃO PARÇA,BETIM - BULKY L,MG,Nova Lima,1
NÃO PARÇA,MG - DOMINALOG,RS,Amaral Ferrador,1
NÃO PARÇA,VIANA - BULKY,RJ,Barra Mansa,1
NÃO PARÇA,MG - DOMINALOG,RS,Caraa,1
NÃO PARÇA,ARAPON-BULKY,PR,Maringa,1
NÃO PARÇA,MG - DOMINALOG,CE,Nova Russas,1
NÃO PARÇA,CONECTA CARGO,MG,Confins,1
NÃO PARÇA,MG - DOMINALOG,BA,Casa Nova,1
NÃO PARÇA,CONECTA CARGO,SP,Barbosa,1
NÃO PARÇA,MG - DOMINALOG,CE,Sao Luis do Curu,1
NÃO PARÇA,CONECTA CARGO,SP,Socorro,1
NÃO PARÇA,BULKY MAUA,SP,Santos,1
NÃO PARÇA,CONECTA CARGO,MG,Dionisio,1
NÃO PARÇA,MG - DOMINALOG,MA,Maracacume,1
NÃO PARÇA,CONECTA CARGO,MG,Mutum,1
NÃO PARÇA,CONECTA CARGO,SP,Pardinho,1
NÃO PARÇA,MG - DOMINALOG,BA,Barra da Estiva,1
NÃO PARÇA,MG - DOMINALOG,MA,Passagem Franca,1
NÃO PARÇA,MG - DOMINALOG,AL,Piacabucu,1
NÃO PARÇA,CONECTA CARGO,MG,Itaobim,1
NÃO PARÇA,GRAVATAI - BULK,RS,Tres Coroas,1
NÃO PARÇA,CONECTA CARGO,SC,Jabora,1
NÃO PARÇA,FAVORITA,MS,Nova Alvorada do Sul,1
NÃO PARÇA,MG - DOMINALOG,ES,Itapemirim,1
NÃO PARÇA,MG - DOMINALOG,ES,Pedro Canario,1
NÃO PARÇA,MG - DOMINALOG,PR,Porto Amazonas,1
NÃO PARÇA,FAVORITA,MS,Eldorado,1
NÃO PARÇA,MG - DOMINALOG,PR,Nova Alianca do Ivai,1
NÃO PARÇA,MG - DOMINALOG,BA,Abaira,1
NÃO PARÇA,CONECTA CARGO,MG,Augusto de Lima,1
NÃO PARÇA,MG - DOMINALOG,PR,Marquinho,1
NÃO PARÇA,CONECTA CARGO,MG,Teixeiras,1
NÃO PARÇA,MG - DOMINALOG,CE,Brejo Santo,1
NÃO PARÇA,MG - DOMINALOG,CE,Varzea Alegre,1
NÃO PARÇA,MG - DOMINALOG,BA,Elisio Medrado,1
NÃO PARÇA,ARUJA - BULKY,SP,Aruja,1
NÃO PARÇA,MG - DOMINALOG,CE,Barreira,1
NÃO PARÇA,MG - DOMINALOG,BA,Itaparica,1
NÃO PARÇA,BULKY LOG - JUN,SE,Itabaiana,1
NÃO PARÇA,CONECTA CARGO,SP,Poloni,1
NÃO PARÇA,MG - DOMINALOG,SE,Canhoba,1
NÃO PARÇA,CONECTA CARGO,MG,Fruta de Leite,1
NÃO PARÇA,FAVORITA,GO,Portelandia,1
NÃO PARÇA,MG - DOMINALOG,SE,Itabaianinha,1
NÃO PARÇA,CONECTA CARGO,MG,Novo Cruzeiro,1
NÃO PARÇA,MG - DOMINALOG,CE,Taua,1
NÃO PARÇA,MG - DOMINALOG,BA,Floresta Azul,1
NÃO PARÇA,CONECTA CARGO,SP,Canitar,1
NÃO PARÇA,CONECTA CARGO,SP,Jaci,1
NÃO PARÇA,CONECTA CARGO,ES,Guacui,1
NÃO PARÇA,MG - DOMINALOG,PR,Lobato,1
NÃO PARÇA,CONECTA CARGO,MG,Leopoldina,1
NÃO PARÇA,CONECTA CARGO,SP,Quata,1
NÃO PARÇA,MG - DOMINALOG,AL,Penedo,1
NÃO PARÇA,MG - DOMINALOG,BA,Ubata,1
NÃO PARÇA,MG - DOMINALOG,BA,Cafarnaum,1
NÃO PARÇA,MG - DOMINALOG,PE,Santa Filomena,1
NÃO PARÇA,MG - DOMINALOG,BA,Santana,1
NÃO PARÇA,CONECTA CARGO,SP,Itabera,1
NÃO PARÇA,FAVORITA,MT,Peixoto de Azevedo,1
NÃO PARÇA,CONECTA CARGO,MG,Belmiro Braga,1
NÃO PARÇA,CONECTA CARGO,SC,Timbe do Sul,1
NÃO PARÇA,MG - DOMINALOG,MA,Sao Mateus do Maranhao,1
NÃO PARÇA,CONECTA CARGO,SC,Campos Novos,1
NÃO PARÇA,MG - DOMINALOG,RS,Cruz Alta,1
NÃO PARÇA,ZUCCO TRANSPORT,MG,Ipatinga,1
NÃO PARÇA,MG - DOMINALOG,PE,Oroco,1
NÃO PARÇA,MG - DOMINALOG,BA,Santa Cruz Cabralia,1
NÃO PARÇA,CONECTA CARGO,MG,Itabirinha,1
NÃO PARÇA,CONECTA CARGO,MG,Monte Siao,1
NÃO PARÇA,FAVORITA,GO,Mambai,1
NÃO PARÇA,MG - DOMINALOG,AL,Jacare dos Homens,1
NÃO PARÇA,CONECTA CARGO,SC,Coronel Freitas,1
NÃO PARÇA,MG - DOMINALOG,BA,Caetanos,1
NÃO PARÇA,CONECTA CARGO,MG,Chiador,1
NÃO PARÇA,MG - DOMINALOG,PR,Guarapuava,1
NÃO PARÇA,MG - DOMINALOG,RN,Nisia Floresta,1
NÃO PARÇA,MG - DOMINALOG,RS,Trindade do Sul,1
NÃO PARÇA,MG - DOMINALOG,PE,Itaiba,1
NÃO PARÇA,SJRP - BULKYLOG,RS,Pelotas,1
NÃO PARÇA,MG - DOMINALOG,PI,Sao Juliao,1
NÃO PARÇA,MG-FCB,MG,Natercia,1
NÃO PARÇA,MG - DOMINALOG,MA,Esperantinopolis,1
NÃO PARÇA,RIO - BULKYLOG,RJ,Sao Jose do Vale do Rio Preto,1
NÃO PARÇA,NOGUEIRA,SP,Arealva,1
NÃO PARÇA,MG - DOMINALOG,SC,Chapeco,1
NÃO PARÇA,CONECTA CARGO,SP,Coronel Macedo,1
NÃO PARÇA,SALVADOR-BULKY,BA,Camacari,1
NÃO PARÇA,CONECTA CARGO,SC,Irani,1
NÃO PARÇA,MG - DOMINALOG,RS,Encruzilhada do Sul,1
NÃO PARÇA,CONECTA CARGO,SP,Santa Cruz das Palmeiras,1
NÃO PARÇA,CONECTA CARGO,RJ,Cardoso Moreira,1
NÃO PARÇA,MG - DOMINALOG,PE,Bom Jardim,1
NÃO PARÇA,FAVORITA,GO,Amaralina,1
NÃO PARÇA,CONECTA CARGO,SC,Luiz Alves,1
NÃO PARÇA,MG - DOMINALOG,BA,Sao Gabriel,1
NÃO PARÇA,MG - DOMINALOG,PE,Abreu e Lima,1
NÃO PARÇA,MG - DOMINALOG,CE,Altaneira,1
NÃO PARÇA,CONECTA CARGO,SC,Santo Amaro da Imperatriz,1
NÃO PARÇA,TOTAL EXPRESS,SP,Sao Paulo,1
NÃO PARÇA,MG - DOMINALOG,MA,Governador Archer,1
NÃO PARÇA,MG - DOMINALOG,PE,Flores,1
NÃO PARÇA,MG - DOMINALOG,PR,Sao Joao,1
NÃO PARÇA,CONECTA CARGO,SC,Sao Joao do Sul,1
NÃO PARÇA,MG - DOMINALOG,RS,Monte Belo do Sul,1
NÃO PARÇA,LOGPLACE - SSA,AL,Maceio,1
NÃO PARÇA,CONECTA CARGO,MG,Paraisopolis,1
NÃO PARÇA,ARUJA - BULKY,SP,Sao Vicente,1
NÃO PARÇA,FAVORITA,GO,Itaberai,1
NÃO PARÇA,CONECTA CARGO,MG,Sao Joao das Missoes,1
NÃO PARÇA,FAVORITA,GO,Santa Rita do Araguaia,1
NÃO PARÇA,CONECTA CARGO,SP,Buri,1
NÃO PARÇA,CONECTA CARGO,SP,Itapura,1
NÃO PARÇA,CONECTA CARGO,MG,Santa Barbara do Tugurio,1
NÃO PARÇA,CONECTA CARGO,SP,Panorama,1
NÃO PARÇA,ETT TRANSPORTES,SP,Sao Paulo,1
NÃO PARÇA,FAVORITA,MT,Nova Mutum,1
NÃO PARÇA,CONECTA CARGO,SC,Laurentino,1
NÃO PARÇA,CONECTA CARGO,SP,Lutecia,1
NÃO PARÇA,MG - DOMINALOG,RS,Sentinela do Sul,1
NÃO PARÇA,FAVORITA,GO,Sao Simao,1
NÃO PARÇA,CONECTA CARGO,SP,Pedrinhas Paulista,1
NÃO PARÇA,MG - DOMINALOG,PR,Santa Izabel do Oeste,1
NÃO PARÇA,MG - DOMINALOG,BA,Milagres,1
NÃO PARÇA,CONECTA CARGO,SP,Santa Branca,1
NÃO PARÇA,MG - DOMINALOG,BA,Encruzilhada,1
NÃO PARÇA,MG - DOMINALOG,RS,Balneario Pinhal,1
NÃO PARÇA,MG - DOMINALOG,BA,Candido Sales,1
NÃO PARÇA,MG - DOMINALOG,AL,Rio Largo,1
NÃO PARÇA,CONECTA CARGO,SP,Piracaia,1
NÃO PARÇA,MG - DOMINALOG,PB,Cacimbas,1
NÃO PARÇA,NFC,SP,Sao Lourenco da Serra,1
NÃO PARÇA,MG - DOMINALOG,ES,Vitoria,1
NÃO PARÇA,MG - DOMINALOG,PE,Granito,1
NÃO PARÇA,MG - DOMINALOG,BA,Sao Desiderio,1
NÃO PARÇA,MG - DOMINALOG,PB,Nova Palmeira,1
NÃO PARÇA,MG - DOMINALOG,PI,Marcolandia,1
NÃO PARÇA,CONECTA CARGO,MG,Sao Lourenco,1
NÃO PARÇA,CONECTA CARGO,MG,Engenheiro Navarro,1
NÃO PARÇA,MG - DOMINALOG,BA,Ubaira,1
NÃO PARÇA,MG - DOMINALOG,ES,Santa Maria de Jetiba,1
NÃO PARÇA,MG - DOMINALOG,ES,Ecoporanga,1
NÃO PARÇA,MG - DOMINALOG,PR,Tapejara,1
NÃO PARÇA,MG - DOMINALOG,BA,Correntina,1
NÃO PARÇA,CONECTA CARGO,MG,Ponte Nova,1
NÃO PARÇA,CONECTA CARGO,MG,Estiva,1
NÃO PARÇA,CONECTA CARGO,SP,Olimpia,1
NÃO PARÇA,CONECTA CARGO,MG,Sao Joao do Oriente,1
NÃO PARÇA,MG - DOMINALOG,PE,Nazare da Mata,1
NÃO PARÇA,GRAVATAI - BULK,RS,Terra de Areia,1
NÃO PARÇA,FAVORITA,MT,Campo Novo do Parecis,1
NÃO PARÇA,MG - DOMINALOG,PI,Caldeirao Grande do Piaui,1
NÃO PARÇA,MG - DOMINALOG,RS,Ernestina,1
NÃO PARÇA,MG - DOMINALOG,PR,Mandirituba,1
NÃO PARÇA,MG - DOMINALOG,CE,Parambu,1
NÃO PARÇA,BULKY MAUA,SP,Maua,1
NÃO PARÇA,CONECTA CARGO,SP,Igaracu do Tiete,1
NÃO PARÇA,MG - DOMINALOG,BA,Lajedinho,1
NÃO PARÇA,FAVORITA,MT,Caceres,1
NÃO PARÇA,VENKON - NE,MA,Sao Joao do Caru,1
NÃO PARÇA,MG - DOMINALOG,CE,Morada Nova,1
NÃO PARÇA,MG - DOMINALOG,BA,Piritiba,1
NÃO PARÇA,MG - DOMINALOG,MA,Itinga do Maranhao,1
NÃO PARÇA,MG - DOMINALOG,PB,Rio Tinto,1
NÃO PARÇA,MG - DOMINALOG,PI,Simoes,1
NÃO PARÇA,CONECTA CARGO,MG,Santa Rita de Jacutinga,1
NÃO PARÇA,MG - DOMINALOG,ES,Montanha,1
NÃO PARÇA,MG - DOMINALOG,RS,Tabai,1
NÃO PARÇA,MG - DOMINALOG,PE,Carpina,1
NÃO PARÇA,MG - DOMINALOG,CE,Carire,1
NÃO PARÇA,MG - DOMINALOG,PB,Santa Rita,1
NÃO PARÇA,FAVORITA,PA,Garrafao do Norte,1
NÃO PARÇA,CONECTA CARGO,SC,Balneario Arroio do Silva,1
NÃO PARÇA,MG - DOMINALOG,PB,Aracagi,1
NÃO PARÇA,GRAVATAI - BULK,RS,Gravatai,1
NÃO PARÇA,CONECTA CARGO,MG,Areado,1
NÃO PARÇA,MG - DOMINALOG,RN,Sao Goncalo do Amarante,1
NÃO PARÇA,CONECTA CARGO,SP,Cerqueira Cesar,1
NÃO PARÇA,MG - DOMINALOG,BA,Lafaiete Coutinho,1
NÃO PARÇA,MG - DOMINALOG,BA,Ponto Novo,1
NÃO PARÇA,CONECTA CARGO,MG,Sao Joao da Ponte,1
NÃO PARÇA,MG - DOMINALOG,PE,Panelas,1
NÃO PARÇA,CONECTA CARGO,SC,Governador Celso Ramos,1
NÃO PARÇA,MG - DOMINALOG,RS,Lindolfo Collor,1
NÃO PARÇA,MG - DOMINALOG,RN,Extremoz,1
NÃO PARÇA,CONECTA CARGO,SP,Nova Europa,1
NÃO PARÇA,FAVORITA,PA,Tome Acu,1
NÃO PARÇA,MG - DOMINALOG,ES,Conceicao do Castelo,1
NÃO PARÇA,MG - DOMINALOG,BA,Jiquirica,1
NÃO PARÇA,BULKY LOG - JUN,SP,Laranjal Paulista,1
NÃO PARÇA,MG - DOMINALOG,BA,Maracas,1
NÃO PARÇA,VIANA - BULKY,BA,Cruz das Almas,1
NÃO PARÇA,CONECTA CARGO,SP,Pedranopolis,1
NÃO PARÇA,FAVORITA,GO,agua Limpa,1
NÃO PARÇA,CONECTA CARGO,MG,Senador Amaral,1
NÃO PARÇA,MG - DOMINALOG,ES,Sao Gabriel da Palha,1
NÃO PARÇA,MG - DOMINALOG,BA,Ibotirama,1
NÃO PARÇA,CONECTA CARGO,MG,Luz,1
NÃO PARÇA,ARUJA - BULKY,SP,Guararema,1
NÃO PARÇA,MG - DOMINALOG,PE,Gravata,1
NÃO PARÇA,CONECTA CARGO,SP,Cedral,1
NÃO PARÇA,FATELOG,SP,Itupeva,1
NÃO PARÇA,BULKY LOG - JUN,SP,Jundiai,1
NÃO PARÇA,CONECTA CARGO,SC,Passos Maia,1
NÃO PARÇA,CONECTA CARGO,SP,Pirangi,1
NÃO PARÇA,MG - DOMINALOG,RS,Formigueiro,1
NÃO PARÇA,VIANA - BULKY,RJ,Sao Goncalo,1
NÃO PARÇA,CONECTA CARGO,MG,Brazopolis,1
NÃO PARÇA,MG - DOMINALOG,BA,Prado,1
NÃO PARÇA,FAVORITA,MT,Lucas do Rio Verde,1
NÃO PARÇA,MG - DOMINALOG,CE,Aquiraz,1
NÃO PARÇA,CONECTA CARGO,MG,Sao Geraldo,1
NÃO PARÇA,BULKY LOG - JUN,SP,Americana,1
NÃO PARÇA,CONECTA CARGO,SP,Maracai,1
NÃO PARÇA,FAVORITA,MS,Ivinhema,1
NÃO PARÇA,MG - DOMINALOG,RN,Tibau do Sul,1
NÃO PARÇA,FAVORITA,GO,Aragoiania,1
NÃO PARÇA,CONECTA CARGO,SC,Santa Cecilia,1
NÃO PARÇA,CONECTA CARGO,SC,Balneario Rincao,1
NÃO PARÇA,MG - DOMINALOG,CE,Pacajus,1
NÃO PARÇA,MG - DOMINALOG,AL,Vicosa,1
NÃO PARÇA,CONECTA CARGO,MG,Serro,1
NÃO PARÇA,CONECTA CARGO,MG,Eloi Mendes,1
NÃO PARÇA,MG - DOMINALOG,BA,Santo Amaro,1
NÃO PARÇA,MG - DOMINALOG,BA,Castro Alves,1
NÃO PARÇA,CONECTA CARGO,MG,Sao Goncalo do Abaete,1
NÃO PARÇA,CONECTA CARGO,MG,Rio Pardo de Minas,1
NÃO PARÇA,CONECTA CARGO,SP,Candido Mota,1
NÃO PARÇA,CONECTA CARGO,MG,Galileia,1
NÃO PARÇA,MG - DOMINALOG,SC,Blumenau,1
NÃO PARÇA,MG - DOMINALOG,PB,Picui,1
NÃO PARÇA,MG - DOMINALOG,PI,Francisco Ayres,1
NÃO PARÇA,CONECTA CARGO,MG,Nanuque,1
NÃO PARÇA,CONECTA CARGO,MG,Presidente Olegario,1
NÃO PARÇA,FAVORITA,MS,Itaquirai,1
NÃO PARÇA,CONECTA CARGO,SC,Taio,1
NÃO PARÇA,CONECTA CARGO,SP,Tarabai,1
NÃO PARÇA,CONECTA CARGO,MG,Visconde do Rio Branco,1
NÃO PARÇA,CONECTA CARGO,SP,Clementina,1
NÃO PARÇA,FAVORITA,GO,Palminopolis,1
NÃO PARÇA,MG - DOMINALOG,MA,Mirinzal,1
NÃO PARÇA,MG - DOMINALOG,PE,Sirinhaem,1
NÃO PARÇA,MG - DOMINALOG,PB,Queimadas,1
NÃO PARÇA,FAVORITA,MS,Amambai,1
NÃO PARÇA,CONECTA CARGO,SP,Buritizal,1
NÃO PARÇA,MG - DOMINALOG,PE,Ingazeira,1
NÃO PARÇA,CONECTA CARGO,MG,Diamantina,1
NÃO PARÇA,MG - DOMINALOG,PR,Renascenca,1
NÃO PARÇA,CONECTA CARGO,MG,Mathias Lobato,1
NÃO PARÇA,MG - DOMINALOG,BA,Buerarema,1
NÃO PARÇA,MG - DOMINALOG,RN,Carnaubais,1
NÃO PARÇA,CONECTA CARGO,MG,Toledo,1
NÃO PARÇA,CONECTA CARGO,MG,Planura,1
NÃO PARÇA,MG - DOMINALOG,CE,Farias Brito,1
NÃO PARÇA,CONECTA CARGO,MG,Conceicao das Pedras,1
NÃO PARÇA,CONECTA CARGO,SP,Teodoro Sampaio,1
NÃO PARÇA,FAVORITA,PA,Altamira,1
NÃO PARÇA,MG - DOMINALOG,RS,Santo Cristo,1
NÃO PARÇA,MG - DOMINALOG,PR,Jundiai do Sul,1
NÃO PARÇA,CONECTA CARGO,SP,Rancharia,1
NÃO PARÇA,MG - DOMINALOG,PR,Palotina,1
NÃO PARÇA,SIGA RIBEIRAO,SP,Sao Joaquim da Barra,1
NÃO PARÇA,MG - DOMINALOG,RS,Ibiaca,1
NÃO PARÇA,MG - DOMINALOG,MA,Tuntum,1
NÃO PARÇA,CONECTA CARGO,MG,Limeira do Oeste,1
NÃO PARÇA,CONECTA CARGO,MG,Bom Repouso,1
NÃO PARÇA,MG - DOMINALOG,PE,Agrestina,1
NÃO PARÇA,CONECTA CARGO,MG,Santo Antonio do Monte,1
NÃO PARÇA,CONECTA CARGO,MG,Dona Euzebia,1
NÃO PARÇA,MG - DOMINALOG,BA,Buritirama,1
NÃO PARÇA,CONECTA CARGO,MG,Tiros,1
NÃO PARÇA,MG - DOMINALOG,PR,Santo Inacio,1
NÃO PARÇA,MG - DOMINALOG,CE,Beberibe,1
NÃO PARÇA,MG - DOMINALOG,PE,Dormentes,1
NÃO PARÇA,MG - DOMINALOG,PR,Cascavel,1
NÃO PARÇA,CONECTA CARGO,MG,Tarumirim,1
NÃO PARÇA,MG - DOMINALOG,PR,Andira,1
NÃO PARÇA,MG - DOMINALOG,PR,Presidente Castelo Branco,1
NÃO PARÇA,MG - DOMINALOG,PR,Boa Vista da Aparecida,1
NÃO PARÇA,CONECTA CARGO,MG,Santa Rita do Sapucai,1
NÃO PARÇA,MG - DOMINALOG,PB,Sao Vicente do Serido,1
NÃO PARÇA,MG - DOMINALOG,RS,Tucunduva,1
NÃO PARÇA,MG - DOMINALOG,AL,Olho Dagua das Flores,1
NÃO PARÇA,CONECTA CARGO,MG,Passabem,1
NÃO PARÇA,BLZ,SC,Urubici,1
NÃO PARÇA,MG - DOMINALOG,RS,Chapada,1
NÃO PARÇA,MG - DOMINALOG,PE,Lajedo,1
NÃO PARÇA,MG - DOMINALOG,PR,Altamira do Parana,1
NÃO PARÇA,MG - DOMINALOG,PR,Godoy Moreira,1
NÃO PARÇA,CONECTA CARGO,SP,Santa Maria da Serra,1
NÃO PARÇA,FAVORITA,GO,Amorinopolis,1
NÃO PARÇA,MG - DOMINALOG,MA,Chapadinha,1
NÃO PARÇA,MG - DOMINALOG,BA,Riachao das Neves,1
NÃO PARÇA,MG - DOMINALOG,PB,Princesa Isabel,1
NÃO PARÇA,MG - DOMINALOG,RS,Pantano Grande,1
NÃO PARÇA,MG - DOMINALOG,AL,Capela,1
NÃO PARÇA,GRU GRANADO,SP,Jacarei,1
NÃO PARÇA,MG - DOMINALOG,PB,Catole do Rocha,1
NÃO PARÇA,BULKY LOG - JUN,SP,aguas de Lindoia,1
NÃO PARÇA,MG - DOMINALOG,RS,Guarani das Missoes,1
NÃO PARÇA,MG - DOMINALOG,RS,Sananduva,1
NÃO PARÇA,CONECTA CARGO,SC,Balneario Barra do Sul,1
NÃO PARÇA,CONECTA CARGO,SP,Luis Antonio,1
NÃO PARÇA,FAVORITA,MT,Sapezal,1
NÃO PARÇA,CONECTA CARGO,MG,Rio Piracicaba,1
NÃO PARÇA,FAVORITA,MS,Iguatemi,1
NÃO PARÇA,MG - DOMINALOG,MA,Sao Raimundo das Mangabeiras,1
NÃO PARÇA,MG - DOMINALOG,PR,Iretama,1
NÃO PARÇA,CONECTA CARGO,MG,Cachoeira de Minas,1
NÃO PARÇA,FAVORITA,GO,Vicentinopolis,1
NÃO PARÇA,CONECTA CARGO,SP,Estrela DOeste,1
NÃO PARÇA,BLZ,RS,Cacapava do Sul,1
NÃO PARÇA,FAVORITA,GO,Indiara,1
NÃO PARÇA,FAVORITA,GO,Quirinopolis,1
NÃO PARÇA,VIANA - BULKY,RJ,Petropolis,1
NÃO PARÇA,CONECTA CARGO,SP,Quintana,1
NÃO PARÇA,MG - DOMINALOG,RS,Dom Pedro de Alcantara,1
NÃO PARÇA,MG - DOMINALOG,PE,Tamandare,1
NÃO PARÇA,CONECTA CARGO,MG,Vargem Alegre,1
NÃO PARÇA,MG - DOMINALOG,RN,Santa Cruz,1
NÃO PARÇA,MG - DOMINALOG,BA,Jitauna,1
NÃO PARÇA,MG - DOMINALOG,PR,Rio Branco do Sul,1
NÃO PARÇA,CONECTA CARGO,SP,Indiapora,1
NÃO PARÇA,MG - DOMINALOG,BA,Pirai do Norte,1
NÃO PARÇA,CONECTA CARGO,SP,Taiuva,1
NÃO PARÇA,MG - DOMINALOG,PR,Santa Amelia,1
NÃO PARÇA,MG - DOMINALOG,PR,Querencia do Norte,1
NÃO PARÇA,MG - DOMINALOG,CE,Potengi,1
NÃO PARÇA,MG - DOMINALOG,PR,Capanema,1
NÃO PARÇA,CONECTA CARGO,SC,Nova Trento,1
NÃO PARÇA,MG - DOMINALOG,RS,Mostardas,1
NÃO PARÇA,CONECTA CARGO,SP,Murutinga do Sul,1
NÃO PARÇA,MG - DOMINALOG,RS,Vale Real,1
NÃO PARÇA,FAVORITA,MS,Brasilandia,1
NÃO PARÇA,MG - DOMINALOG,PR,Carlopolis,1
NÃO PARÇA,CONECTA CARGO,RJ,Bom Jesus do Itabapoana,1
NÃO PARÇA,CONECTA CARGO,SP,Sandovalina,1
NÃO PARÇA,MG - DOMINALOG,SE,Carira,1
NÃO PARÇA,MG - DOMINALOG,RS,Santo Antonio das Missoes,1
NÃO PARÇA,VIANA - BULKY,RJ,Duque de Caxias,1
NÃO PARÇA,FAVORITA,GO,Goias,1
NÃO PARÇA,CONECTA CARGO,SP,Cruzalia,1
NÃO PARÇA,MG - DOMINALOG,MA,Goncalves Dias,1
NÃO PARÇA,CONECTA CARGO,SP,Nova Independencia,1
NÃO PARÇA,FAVORITA,PA,Tailandia,1
NÃO PARÇA,MG - DOMINALOG,CE,Itarema,1
NÃO PARÇA,CONECTA CARGO,SP,Ribeirao Branco,1
NÃO PARÇA,CONECTA CARGO,MG,Moema,1
NÃO PARÇA,MG - DOMINALOG,RS,Espumoso,1
NÃO PARÇA,CONECTA CARGO,SP,Itatinga,1
NÃO PARÇA,CONECTA CARGO,MG,Borda da Mata,1
NÃO PARÇA,FAVORITA - SP,GO,Goiania,1
NÃO PARÇA,CONECTA CARGO,MG,Nova Serrana,1
NÃO PARÇA,CONECTA CARGO,MG,Pote,1
NÃO PARÇA,BULKY LOG - JUN,SP,Salto de Pirapora,1
NÃO PARÇA,MG - DOMINALOG,MA,Santa Ines,1
NÃO PARÇA,FAVORITA,GO,Campinorte,1
NÃO PARÇA,CONECTA CARGO,SP,Pitangueiras,1
NÃO PARÇA,MG - DOMINALOG,CE,Oros,1
NÃO PARÇA,MG - DOMINALOG,BA,Formosa do Rio Preto,1
NÃO PARÇA,CONECTA CARGO,MG,Sao Geraldo da Piedade,1
NÃO PARÇA,MG - DOMINALOG,BA,Terra Nova,1
NÃO PARÇA,FAVORITA,GO,Pirenopolis,1
NÃO PARÇA,CONECTA CARGO,SP,Casa Branca,1
NÃO PARÇA,MG - DOMINALOG,PI,Marcos Parente,1
NÃO PARÇA,SALVADOR-BULKY,BA,Catu,1
NÃO PARÇA,CONECTA CARGO,SP,Pariquera Acu,1
NÃO PARÇA,CONECTA CARGO,MG,Barbacena,1
NÃO PARÇA,MG - DOMINALOG,PR,Perola dOeste,1
NÃO PARÇA,MG - DOMINALOG,BA,Souto Soares,1
NÃO PARÇA,FAVORITA,MT,Pedra Preta,1
NÃO PARÇA,VIANA - BULKY,RN,Natal,1
NÃO PARÇA,MG - DOMINALOG,RS,Caxias do Sul,1
NÃO PARÇA,FAVORITA,MT,Matupa,1
NÃO PARÇA,MG - DOMINALOG,ES,Alegre,1
NÃO PARÇA,MG - DOMINALOG,SE,Capela,1
NÃO PARÇA,MG - DOMINALOG,RN,Currais Novos,1
NÃO PARÇA,MG - DOMINALOG,RS,Candiota,1
NÃO PARÇA,CONECTA CARGO,MG,Setubinha,1
NÃO PARÇA,MG - DOMINALOG,PI,Sao Felix do Piaui,1
NÃO PARÇA,MG - DOMINALOG,PR,Cruzeiro do Oeste,1
NÃO PARÇA,CONECTA CARGO,SP,Redencao da Serra,1
NÃO PARÇA,CONECTA CARGO,MG,Sao Francisco,1
NÃO PARÇA,MG - DOMINALOG,PR,Palmeira,1
NÃO PARÇA,CONECTA CARGO,SP,Natividade da Serra,1
NÃO PARÇA,VIANA - BULKY,SP,Peruibe,1
NÃO PARÇA,CONECTA CARGO,SP,Sao Jose da Bela Vista,1
NÃO PARÇA,BLZ,SC,Florianopolis,1
NÃO PARÇA,MG - DOMINALOG,PB,Belem do Brejo do Cruz,1
NÃO PARÇA,MG - DOMINALOG,ES,Piuma,1
NÃO PARÇA,FAVORITA,MT,Sao Jose do Xingu,1
NÃO PARÇA,CONECTA CARGO,MG,Curvelo,1
NÃO PARÇA,CONECTA CARGO,MG,Tres Marias,1
NÃO PARÇA,MG - DOMINALOG,RS,Cruzeiro do Sul,1
NÃO PARÇA,MG - DOMINALOG,RS,Santo Antonio da Patrulha,1
NÃO PARÇA,MG - DOMINALOG,CE,Carnaubal,1
NÃO PARÇA,MG - DOMINALOG,PR,Sertanopolis,1
NÃO PARÇA,CONECTA CARGO,SP,Piratininga,1
NÃO PARÇA,FAVORITA,GO,Uruacu,1
NÃO PARÇA,CONECTA CARGO,SP,Manduri,1
NÃO PARÇA,BLZ,RS,Canoas,1
NÃO PARÇA,MG - DOMINALOG,PE,Triunfo,1
NÃO PARÇA,MG - DOMINALOG,PI,Luis Correia,1
NÃO PARÇA,FAVORITA,MT,Confresa,1
NÃO PARÇA,CONECTA CARGO,SP,Vargem Grande do Sul,1
NÃO PARÇA,FAVORITA,GO,Caldas Novas,1
NÃO PARÇA,MG - DOMINALOG,AL,Mata Grande,1
NÃO PARÇA,MG - DOMINALOG,RS,Jacutinga,1
NÃO PARÇA,MG - DOMINALOG,RS,Taquari,1
NÃO PARÇA,CONECTA CARGO,MG,Juruaia,1
NÃO PARÇA,MG - DOMINALOG,RS,Manoel Viana,1
NÃO PARÇA,MG - DOMINALOG,CE,Barroquinha,1
NÃO PARÇA,CONECTA CARGO,MG,Almenara,1
NÃO PARÇA,CONECTA CARGO,SP,Borebi,1
NÃO PARÇA,MG - DOMINALOG,RN,Brejinho,1
NÃO PARÇA,MG - DOMINALOG,RN,Serra do Mel,1
NÃO PARÇA,MG - DOMINALOG,RS,Sao Jose do Hortencio,1
NÃO PARÇA,MG - DOMINALOG,RS,Sarandi,1
NÃO PARÇA,MG - DOMINALOG,RS,Getulio Vargas,1
NÃO PARÇA,MG - DOMINALOG,PR,Dois Vizinhos,1
NÃO PARÇA,MG - DOMINALOG,BA,Xique Xique,1
NÃO PARÇA,BLZ,SC,Itaiopolis,1
NÃO PARÇA,CONECTA CARGO,SC,Monte Castelo,1
NÃO PARÇA,FAVORITA,GO,Anicuns,1
NÃO PARÇA,MG - DOMINALOG,PR,Sao Pedro do Iguacu,1
NÃO PARÇA,MG - DOMINALOG,CE,Cascavel,1
NÃO PARÇA,CONECTA CARGO,ES,Aracruz,1
NÃO PARÇA,CONECTA CARGO,SP,Populina,1
NÃO PARÇA,CONECTA CARGO,MG,Santana do Riacho,1
NÃO PARÇA,CONECTA CARGO,SC,Fraiburgo,1
NÃO PARÇA,MG - DOMINALOG,MA,Sao Pedro da agua Branca,1
NÃO PARÇA,CONECTA CARGO,SP,Boraceia,1
NÃO PARÇA,CONECTA CARGO,MG,Capitolio,1
NÃO PARÇA,CONECTA CARGO,MG,Franciscopolis,1
NÃO PARÇA,CONECTA CARGO,MG,Guanhaes,1
NÃO PARÇA,MG - DOMINALOG,BA,Aracas,1
NÃO PARÇA,CONECTA CARGO,SC,Agronomica,1
NÃO PARÇA,CONECTA CARGO,SC,Descanso,1
NÃO PARÇA,MG - DOMINALOG,RS,Santo Augusto,1
NÃO PARÇA,MG - DOMINALOG,RS,Gentil,1
NÃO PARÇA,MG - DOMINALOG,PI,Brasileira,1
NÃO PARÇA,CONECTA CARGO,MG,Rio Vermelho,1
NÃO PARÇA,MG - DOMINALOG,PR,Sertaneja,1
NÃO PARÇA,MG - DOMINALOG,SC,Balneario Picarras,1
NÃO PARÇA,MG - DOMINALOG,PR,Itambe,1
NÃO PARÇA,FAVORITA,GO,Mineiros,1
NÃO PARÇA,MG - DOMINALOG,PR,Nova Aurora,1
NÃO PARÇA,FAVORITA,GO,Nova Iguacu de Goias,1
NÃO PARÇA,CONECTA CARGO,MG,Bambui,1
NÃO PARÇA,MG - DOMINALOG,SE,Aquidaba,1
NÃO PARÇA,CONECTA CARGO,MG,Sao Joao do Paraiso,1
NÃO PARÇA,CONECTA CARGO,SP,Valparaiso,1
NÃO PARÇA,MG - DOMINALOG,RS,Carlos Barbosa,1
NÃO PARÇA,MG - DOMINALOG,RN,Nova Cruz,1
NÃO PARÇA,VIANA - BULKY,MA,Sao Luis,1
NÃO PARÇA,MG - DOMINALOG,PR,Santa Mariana,1
NÃO PARÇA,CONECTA CARGO,SP,Monte Castelo,1
NÃO PARÇA,GRU GRANADO,SP,Paraibuna,1
NÃO PARÇA,CONECTA CARGO,SP,Castilho,1
NÃO PARÇA,MG - DOMINALOG,CE,Boa Viagem,1
NÃO PARÇA,CONECTA CARGO,MG,Iturama,1
NÃO PARÇA,CONECTA CARGO,MG,Cabeceira Grande,1
NÃO PARÇA,MG - DOMINALOG,BA,Boa Vista do Tupim,1
NÃO PARÇA,MG - DOMINALOG,ES,Barra de Sao Francisco,1
NÃO PARÇA,VIANA - BULKY,ES,Guarapari,1
NÃO PARÇA,MG - DOMINALOG,RS,Sao Joao do Polesine,1
NÃO PARÇA,MG - DOMINALOG,RS,Garibaldi,1
NÃO PARÇA,MG - DOMINALOG,PE,Arcoverde,1
NÃO PARÇA,FAVORITA,GO,Porangatu,1
NÃO PARÇA,MG - DOMINALOG,MG,Belo Horizonte,1
NÃO PARÇA,MG - DOMINALOG,BA,Ibicui,1
NÃO PARÇA,MG - DOMINALOG,PR,Candoi,1
NÃO PARÇA,CONECTA CARGO,SP,Maraba Paulista,1
NÃO PARÇA,BULKY LOG - JUN,SP,Sagres,1
NÃO PARÇA,CONECTA CARGO,MG,Santo Antonio do Aventureiro,1
NÃO PARÇA,MG - DOMINALOG,PI,Corrente,1
NÃO PARÇA,VIANA - BULKY,RJ,Campos dos Goytacazes,1
NÃO PARÇA,CONECTA CARGO,MG,Felicio dos Santos,1
NÃO PARÇA,CONECTA CARGO,MG,Baldim,1
NÃO PARÇA,RS - DOMINALOG,PR,Colorado,1
NÃO PARÇA,MG - DOMINALOG,PE,Alagoinha,1
NÃO PARÇA,CONECTA CARGO,SP,Pinhalzinho,1
NÃO PARÇA,CONECTA CARGO,SP,Iaras,1
NÃO PARÇA,MG - DOMINALOG,MA,Lago da Pedra,1
NÃO PARÇA,LOGPLACE - SSA,BA,Salvador,1
NÃO PARÇA,CONECTA CARGO,MG,Alterosa,1
NÃO PARÇA,FAVORITA,MS,Navirai,1
NÃO PARÇA,BULKY MAUA,SP,Sao Bernardo do Campo,1
NÃO PARÇA,FAVORITA,GO,Bonopolis,1
NÃO PARÇA,CONECTA CARGO,MG,Paiva,1
NÃO PARÇA,MG - DOMINALOG,SE,Japoata,1
NÃO PARÇA,MG - DOMINALOG,ES,Iuna,1
NÃO PARÇA,CONECTA CARGO,MG,Carmo do Rio Claro,1
NÃO PARÇA,FAVORITA,GO,Padre Bernardo,1
NÃO PARÇA,MG - DOMINALOG,PI,Lagoa do Barro do Piaui,1
NÃO PARÇA,CONECTA CARGO,MG,Sao Domingos do Prata,1
NÃO PARÇA,ARAPON-BULKY,PR,Jaguapita,1
NÃO PARÇA,FAVORITA,MT,Ribeirao Cascalheira,1
NÃO PARÇA,CONECTA CARGO,SC,Rio do Sul,1
NÃO PARÇA,FAVORITA,MS,Sidrolandia,1
NÃO PARÇA,MG - DOMINALOG,RS,Santa Clara do Sul,1
NÃO PARÇA,FAVORITA,GO,Rubiataba,1
NÃO PARÇA,MG - DOMINALOG,BA,Itapebi,1
NÃO PARÇA,MG - DOMINALOG,BA,Palmas de Monte Alto,1
NÃO PARÇA,CONECTA CARGO,MG,Itaguara,1
NÃO PARÇA,MG - DOMINALOG,SE,Brejo Grande,1
NÃO PARÇA,CONECTA CARGO,SP,Cabralia Paulista,1
NÃO PARÇA,MG - DOMINALOG,RN,Jucurutu,1
NÃO PARÇA,MG - DOMINALOG,CE,Aracati,1
NÃO PARÇA,CONECTA CARGO,SP,Nova Granada,1
NÃO PARÇA,CONECTA CARGO,SP,Sao Joao de Iracema,1
NÃO PARÇA,CONECTA CARGO,SC,Sao Joao Batista,1
NÃO PARÇA,CONECTA CARGO,MG,Bom Sucesso,1
NÃO PARÇA,CONECTA CARGO,SP,Restinga,1
NÃO PARÇA,MG - DOMINALOG,RN,Upanema,1
NÃO PARÇA,MG - DOMINALOG,PB,Aroeiras,1
NÃO PARÇA,MG - DOMINALOG,RS,Pejucara,1
NÃO PARÇA,CONECTA CARGO,SP,Patrocinio Paulista,1
NÃO PARÇA,MG - DOMINALOG,AL,Palmeira dos indios,1
NÃO PARÇA,CONECTA CARGO,SC,Ibiam,1
NÃO PARÇA,CONECTA CARGO,SC,Morro da Fumaca,1
NÃO PARÇA,MG - DOMINALOG,PB,Sao Joao do Rio do Peixe,1
NÃO PARÇA,MG - DOMINALOG,PR,Mangueirinha,1
NÃO PARÇA,MG - DOMINALOG,CE,Forquilha,1
NÃO PARÇA,CONECTA CARGO,SC,Ilhota,1
NÃO PARÇA,CONECTA CARGO,SC,Bom Retiro,1
NÃO PARÇA,MG - DOMINALOG,PR,Iguaracu,1
NÃO PARÇA,MG - DOMINALOG,MA,Santa Luzia,1
NÃO PARÇA,MG - DOMINALOG,BA,Itanhem,1
NÃO PARÇA,CONECTA CARGO,MG,Itanhomi,1
NÃO PARÇA,TOTAL EXPRESS,DF,Brasilia,1
NÃO PARÇA,MG - DOMINALOG,RN,Pendencias,1
NÃO PARÇA,CONECTA CARGO,MG,Santana do Jacare,1
NÃO PARÇA,CONECTA CARGO,MG,Sao Pedro do Suacui,1
NÃO PARÇA,CONECTA CARGO,SP,Tapiratiba,1
NÃO PARÇA,MG - DOMINALOG,AL,Sao Sebastiao,1
NÃO PARÇA,CONECTA CARGO,MG,Carangola,1
NÃO PARÇA,CONECTA CARGO,SC,Passo de Torres,1
NÃO PARÇA,CONECTA CARGO,MG,Divisa Nova,1
NÃO PARÇA,CONECTA CARGO,SP,Guaranta,1
NÃO PARÇA,MG - DOMINALOG,RN,Caico,1
NÃO PARÇA,RIO - BULKYLOG,RJ,Nova Iguacu,1
NÃO PARÇA,MG - DOMINALOG,BA,Jaborandi,1
NÃO PARÇA,MG - DOMINALOG,SE,Neopolis,1
NÃO PARÇA,CONECTA CARGO,MG,Buritizeiro,1
NÃO PARÇA,MG - DOMINALOG,PI,Alagoinha do Piaui,1
NÃO PARÇA,CONECTA CARGO,MG,Camanducaia,1
NÃO PARÇA,MG - DOMINALOG,PR,Uniflor,1
NÃO PARÇA,BULKY LOG - JUN,SP,Sorocaba,1
NÃO PARÇA,MG - DOMINALOG,PE,Solidao,1
NÃO PARÇA,MG - DOMINALOG,BA,Utinga,1
NÃO PARÇA,BULKY LOG - JUN,SP,Rio Claro,1
NÃO PARÇA,MG - DOMINALOG,BA,Ubaitaba,1
NÃO PARÇA,MG - DOMINALOG,BA,Nilo Pecanha,1
NÃO PARÇA,CONECTA CARGO,MG,Coromandel,1
NÃO PARÇA,MG - DOMINALOG,RS,Sobradinho,1
NÃO PARÇA,CONECTA CARGO,SP,Aramina,1
NÃO PARÇA,CONECTA CARGO,MG,Conceicao do Para,1
NÃO PARÇA,CONECTA CARGO,MG,Chapada do Norte,1
NÃO PARÇA,FAVORITA,MT,Nova Bandeirantes,1
NÃO PARÇA,CONECTA CARGO,SP,Altinopolis,1
NÃO PARÇA,MG - DOMINALOG,PE,Itapissuma,1
NÃO PARÇA,CONECTA CARGO,SP,Cosmorama,1
NÃO PARÇA,MG - DOMINALOG,BA,Jaguaquara,1
NÃO PARÇA,FAVORITA,GO,Montividiu,1
NÃO PARÇA,MG - DOMINALOG,MG,Ouro Fino,1
NÃO PARÇA,FAVORITA,GO,Trombas,1
NÃO PARÇA,CONECTA CARGO,MG,Jordania,1
NÃO PARÇA,CONECTA CARGO,MG,Itacambira,1
NÃO PARÇA,MG - DOMINALOG,MA,Duque Bacelar,1
NÃO PARÇA,CONECTA CARGO,MG,Nazareno,1
NÃO PARÇA,MG - DOMINALOG,RN,Sitio Novo,1
NÃO PARÇA,CONECTA CARGO,SP,Piacatu,1
NÃO PARÇA,CONECTA CARGO,MG,Marilac,1
NÃO PARÇA,MG - DOMINALOG,BA,Itamaraju,1
NÃO PARÇA,CONECTA CARGO,MG,Juvenilia,1
NÃO PARÇA,MG - DOMINALOG,RS,Capivari do Sul,1
NÃO PARÇA,CONECTA CARGO,MG,Inconfidentes,1
NÃO PARÇA,CONECTA CARGO,MG,Conceicao do Mato Dentro,1
NÃO PARÇA,CONECTA CARGO,MG,Matias Barbosa,1
NÃO PARÇA,CONECTA CARGO,MG,Tres Pontas,1
NÃO PARÇA,MG - DOMINALOG,RS,Entre Ijuis,1
NÃO PARÇA,MG - DOMINALOG,BA,Camamu,1
NÃO PARÇA,GRAVATAI - BULK,RS,Teutonia,1
NÃO PARÇA,MG - DOMINALOG,PE,Lagoa do Ouro,1
NÃO PARÇA,MG - DOMINALOG,MA,Benedito Leite,1
NÃO PARÇA,MG - DOMINALOG,BA,Pedro Alexandre,1
NÃO PARÇA,MG - DOMINALOG,RS,Frederico Westphalen,1
NÃO PARÇA,BLZ,SC,Palhoca,1
NÃO PARÇA,CONECTA CARGO,SC,Capinzal,1
NÃO PARÇA,CONECTA CARGO,SP,Dumont,1
NÃO PARÇA,CONECTA CARGO,SP,Itirapua,1
NÃO PARÇA,MG - DOMINALOG,CE,Cruz,1
NÃO PARÇA,CONECTA CARGO,MG,Crisolita,1
NÃO PARÇA,CONECTA CARGO,MG,Bonfinopolis de Minas,1
NÃO PARÇA,FAVORITA,GO,Bela Vista de Goias,1
NÃO PARÇA,MG - DOMINALOG,ES,aguia Branca,1
NÃO PARÇA,MG - DOMINALOG,PB,Condado,1
NÃO PARÇA,MG - DOMINALOG,RN,Touros,1
NÃO PARÇA,MG - DOMINALOG,PB,Paulista,1
NÃO PARÇA,CONECTA CARGO,SP,Pereiras,1
NÃO PARÇA,CONECTA CARGO,SC,Herval DOeste,1
NÃO PARÇA,MG - DOMINALOG,BA,Rio do Antonio,1
NÃO PARÇA,CONECTA CARGO,MG,Uberlandia,1
NÃO PARÇA,MG - DOMINALOG,PB,Mamanguape,1
NÃO PARÇA,CONECTA CARGO,SP,Itapecerica da Serra,1
NÃO PARÇA,MG - DOMINALOG,PR,Manoel Ribas,1
NÃO PARÇA,MG - DOMINALOG,BA,Macaubas,1
NÃO PARÇA,MG - DOMINALOG,RS,Lagoa Bonita do Sul,1
NÃO PARÇA,MG - DOMINALOG,RS,Cruzaltense,1
NÃO PARÇA,MG - DOMINALOG,BA,Lagoa Real,1
NÃO PARÇA,MG - DOMINALOG,PB,Alagoa Grande,1
NÃO PARÇA,MG - DOMINALOG,BA,erico Cardoso,1
NÃO PARÇA,MG - DOMINALOG,RN,Jardim do Serido,1
NÃO PARÇA,MG - DOMINALOG,PR,Figueira,1
NÃO PARÇA,MG - DOMINALOG,RS,Palmeira das Missoes,1
NÃO PARÇA,MG - DOMINALOG,PE,Bodoco,1
NÃO PARÇA,MG - DOMINALOG,RN,Tenente Ananias,1
NÃO PARÇA,MG - DOMINALOG,MA,Pedreiras,1
NÃO PARÇA,CONECTA CARGO,MG,Rodeiro,1
NÃO PARÇA,MG - DOMINALOG,BA,Curaca,1
NÃO PARÇA,MG - DOMINALOG,BA,Aurelino Leal,1
NÃO PARÇA,CAJAMAR - BULKY,SP,Osasco,1
NÃO PARÇA,CONECTA CARGO,MG,Frei Inocencio,1
NÃO PARÇA,CONECTA CARGO,SC,Treviso,1
NÃO PARÇA,MG - DOMINALOG,RS,Farroupilha,1
NÃO PARÇA,CONECTA CARGO,MG,Descoberto,1
NÃO PARÇA,CONECTA CARGO,RJ,Cantagalo,1
NÃO PARÇA,MG - DOMINALOG,PB,Itaporanga,1
NÃO PARÇA,MG - DOMINALOG,PR,Ipora,1
NÃO PARÇA,MG - DOMINALOG,BA,Sobradinho,1
NÃO PARÇA,CONECTA CARGO,SP,Sao Pedro do Turvo,1
NÃO PARÇA,CONECTA CARGO,MG,Alto Rio Doce,1
NÃO PARÇA,CONECTA CARGO,SP,Borborema,1
NÃO PARÇA,CONECTA CARGO,MG,Queluzito,1
NÃO PARÇA,MG - DOMINALOG,BA,Ibiquera,1
NÃO PARÇA,CONECTA CARGO,MG,Dores do Indaia,1
NÃO PARÇA,CONECTA CARGO,RJ,Sao Francisco de Itabapoana,1
NÃO PARÇA,FAVORITA,MS,Pedro Gomes,1
NÃO PARÇA,MG - DOMINALOG,PR,Marilandia do Sul,1
NÃO PARÇA,MG - DOMINALOG,SE,Sao Domingos,1
NÃO PARÇA,MG - DOMINALOG,PE,Alianca,1
NÃO PARÇA,FAVORITA,MT,Santa Cruz do Xingu,1
NÃO PARÇA,MG - DOMINALOG,PR,Nova Tebas,1
NÃO PARÇA,MG - DOMINALOG,BA,Nordestina,1
NÃO PARÇA,MG - DOMINALOG,AL,Ouro Branco,1
NÃO PARÇA,CONECTA CARGO,MG,Lambari,1
NÃO PARÇA,CONECTA CARGO,SC,Jacinto Machado,1
NÃO PARÇA,FAVORITA,GO,Aragarcas,1
NÃO PARÇA,MG - DOMINALOG,CE,Independencia,1
NÃO PARÇA,CONECTA CARGO,SP,Avanhandava,1
NÃO PARÇA,CONECTA CARGO,SC,Sideropolis,1
NÃO PARÇA,CONECTA CARGO,SP,Vitoria Brasil,1
NÃO PARÇA,CONECTA CARGO,MG,Fama,1
NÃO PARÇA,TOTAL EXPRESS,SC,Bombinhas,1
NÃO PARÇA,MG - DOMINALOG,PE,Moreno,1
NÃO PARÇA,CONECTA CARGO,MG,Divinolandia de Minas,1
NÃO PARÇA,MG - DOMINALOG,RS,David Canabarro,1
NÃO PARÇA,MG - DOMINALOG,RS,Dom Pedrito,1
NÃO PARÇA,MG - DOMINALOG,RS,Nonoai,1
NÃO PARÇA,CONECTA CARGO,SP,Laranjal Paulista,1
NÃO PARÇA,MG - DOMINALOG,PR,Guaratuba,1
NÃO PARÇA,MG - DOMINALOG,RN,Apodi,1
NÃO PARÇA,MG - DOMINALOG,PR,Turvo,1
NÃO PARÇA,MG - DOMINALOG,RN,Venha Ver,1
NÃO PARÇA,BULKY BIGUACU,SC,Sao Jose,1
NÃO PARÇA,MG - DOMINALOG,PE,Sao Vicente Ferrer,1
NÃO PARÇA,CONECTA CARGO,MG,Guaraciaba,1
NÃO PARÇA,MG - DOMINALOG,CE,Tururu,1
NÃO PARÇA,MG - DOMINALOG,BA,Alcobaca,1
NÃO PARÇA,MG - DOMINALOG,PR,Porto Rico,1
NÃO PARÇA,CONECTA CARGO,SC,Barra Velha,1
NÃO PARÇA,FAVORITA,MS,Rio Verde de Mato Grosso,1
NÃO PARÇA,ZUCCO TRANSPORT,MG,Patos de Minas,1
NÃO PARÇA,CONECTA CARGO,SP,Torrinha,1
NÃO PARÇA,CONECTA CARGO,SP,Promissao,1
NÃO PARÇA,FAVORITA,MT,Acorizal,1
NÃO PARÇA,FAVORITA,PA,Tucurui,1
NÃO PARÇA,CONECTA CARGO,MG,Claudio,1
NÃO PARÇA,MG - DOMINALOG,MA,Sao Domingos do Maranhao,1
NÃO PARÇA,LOGPLACE - SSA,BA,Casa Nova,1
NÃO PARÇA,MG - DOMINALOG,PR,Fenix,1
NÃO PARÇA,MG - DOMINALOG,MA,Urbano Santos,1
NÃO PARÇA,FAVORITA,MT,Itiquira,1
NÃO PARÇA,GRAVATAI - BULK,RS,Encantado,1
NÃO PARÇA,CONECTA CARGO,RJ,Conceicao de Macabu,1
NÃO PARÇA,CONECTA CARGO,MG,Unai,1
NÃO PARÇA,FAVORITA,GO,Barro Alto,1
NÃO PARÇA,CONECTA CARGO,MG,Vazante,1
NÃO PARÇA,CONECTA CARGO,SP,Barra do Chapeu,1
NÃO PARÇA,MG - DOMINALOG,MG,Cantagalo,1
NÃO PARÇA,CONECTA CARGO,MG,Cantagalo,1
NÃO PARÇA,CONECTA CARGO,MG,Aimores,1
NÃO PARÇA,RIO - BULKYLOG,RJ,Rio das Ostras,1
NÃO PARÇA,NFC,SP,Caraguatatuba,1
NÃO PARÇA,FAVORITA,MS,Aparecida do Taboado,1
NÃO PARÇA,MG - DOMINALOG,BA,Coronel Joao Sa,1
NÃO PARÇA,CONECTA CARGO,MG,Dom Cavati,1
NÃO PARÇA,MG - DOMINALOG,BA,Cocos,1
NÃO PARÇA,CONECTA CARGO,MG,Sao Jose do Alegre,1
NÃO PARÇA,MG - DOMINALOG,PI,Santo Antonio de Lisboa,1
NÃO PARÇA,MG - DOMINALOG,AL,Boca da Mata,1
NÃO PARÇA,MG - DOMINALOG,RN,Lajes Pintadas,1
NÃO PARÇA,CONECTA CARGO,SP,Lucelia,1
NÃO PARÇA,CONECTA CARGO,SP,Sud Mennucci,1
NÃO PARÇA,MG - DOMINALOG,RS,Sao Lourenco do Sul,1
NÃO PARÇA,MG - DOMINALOG,BA,Maiquinique,1
NÃO PARÇA,FAVORITA,MT,Colider,1
NÃO PARÇA,MG - DOMINALOG,MG,Uberlandia,1
NÃO PARÇA,SIGA,SP,Marilia,1
NÃO PARÇA,CONECTA CARGO,SP,Dois Corregos,1
NÃO PARÇA,FAVORITA,GO,Jandaia,1
NÃO PARÇA,MG - DOMINALOG,AL,Campo Alegre,1
NÃO PARÇA,MG - DOMINALOG,RS,Vera Cruz,1
NÃO PARÇA,CONECTA CARGO,MG,Tabuleiro,1
NÃO PARÇA,CONECTA CARGO,MG,Alem Paraiba,1
NÃO PARÇA,CONECTA CARGO,SP,Iacri,1
NÃO PARÇA,MG - DOMINALOG,PR,Ampere,1
NÃO PARÇA,MG - DOMINALOG,PR,Marumbi,1
NÃO PARÇA,MG - DOMINALOG,CE,Camocim,1
NÃO PARÇA,MG - DOMINALOG,PE,Tabira,1
NÃO PARÇA,MG - DOMINALOG,PR,Porecatu,1
NÃO PARÇA,FAVORITA,MT,Juara,1
NÃO PARÇA,MG - DOMINALOG,PR,Campina da Lagoa,1
NÃO PARÇA,CONECTA CARGO,SP,Paranapua,1
NÃO PARÇA,FAVORITA,MT,agua Boa,1
NÃO PARÇA,MG - DOMINALOG,SE,Itabaiana,1
NÃO PARÇA,CONECTA CARGO,SC,Luzerna,1
NÃO PARÇA,MG - DOMINALOG,PE,Afogados da Ingazeira,1
NÃO PARÇA,ARUJA - BULKY,SP,Bertioga,1
NÃO PARÇA,MG - DOMINALOG,RN,Carnauba dos Dantas,1
NÃO PARÇA,CONECTA CARGO,MG,Sabinopolis,1
NÃO PARÇA,CONECTA CARGO,SC,Joinville,1
NÃO PARÇA,MG - DOMINALOG,BA,Queimadas,1
NÃO PARÇA,CONECTA CARGO,SP,Icem,1
NÃO PARÇA,FAVORITA,MT,Nova Xavantina,1
NÃO PARÇA,MG - DOMINALOG,MA,Penalva,1
NÃO PARÇA,MG - DOMINALOG,BA,Eunapolis,1
NÃO PARÇA,CONECTA CARGO,SP,Sao Simao,1
NÃO PARÇA,VENKON - MONTE,BA,Itacare,1
NÃO PARÇA,CONECTA CARGO,SP,Itirapina,1
NÃO PARÇA,MG - DOMINALOG,PR,Cafezal do Sul,1
NÃO PARÇA,MG - DOMINALOG,ES,Afonso Claudio,1
NÃO PARÇA,MG - DOMINALOG,BA,Marau,1
NÃO PARÇA,MG - DOMINALOG,RS,Nova Brescia,1
NÃO PARÇA,FAVORITA,MT,Mirassol DOeste,1
NÃO PARÇA,CONECTA CARGO,ES,Guarapari,1
NÃO PARÇA,CONECTA CARGO,MG,Jose Raydan,1
NÃO PARÇA,CONECTA CARGO,MG,Itambacuri,1
NÃO PARÇA,MG - DOMINALOG,ES,Itarana,1
NÃO PARÇA,MG - DOMINALOG,RS,Ponte Preta,1
NÃO PARÇA,MG - DOMINALOG,RS,Mampituba,1
NÃO PARÇA,CONECTA CARGO,SC,Bela Vista do Toldo,1
NÃO PARÇA,MG - DOMINALOG,MA,Acailandia,1
NÃO PARÇA,CONECTA CARGO,MG,Jequeri,1
NÃO PARÇA,CONECTA CARGO,SP,Nazare Paulista,1
NÃO PARÇA,CONECTA CARGO,SP,Brauna,1
NÃO PARÇA,FAVORITA,GO,Rio Quente,1
NÃO PARÇA,FAVORITA - SP,DF,Brasilia,1
NÃO PARÇA,CONECTA CARGO,SP,Aspasia,1
NÃO PARÇA,GRAVATAI - BULK,RS,Capao da Canoa,1
NÃO PARÇA,MG - DOMINALOG,PR,General Carneiro,1
NÃO PARÇA,CONECTA CARGO,SP,Inubia Paulista,1
NÃO PARÇA,FATELOG,MG,Uberlandia,1
NÃO PARÇA,CONECTA CARGO,SP,Parisi,1
NÃO PARÇA,MG - DOMINALOG,BA,Salvador,1
NÃO PARÇA,CONECTA CARGO,SP,Palmares Paulista,1
NÃO PARÇA,CONECTA CARGO,SC,Camboriu,1
NÃO PARÇA,MG - DOMINALOG,SE,Pacatuba,1
NÃO PARÇA,FAVORITA,GO,Uruana,1
NÃO PARÇA,MG - DOMINALOG,SE,Amparo de Sao Francisco,1
NÃO PARÇA,MG - DOMINALOG,PR,Sao Jorge do Patrocinio,1
NÃO PARÇA,BULKY LOG - JUN,SP,Ribeirao Preto,1
NÃO PARÇA,MG - DOMINALOG,BA,Seabra,1
NÃO PARÇA,MG - DOMINALOG,RN,Macaiba,1
NÃO PARÇA,MG - DOMINALOG,CE,Quixada,1
NÃO PARÇA,CONECTA CARGO,MG,Entre Rios de Minas,1
NÃO PARÇA,FAVORITA,PA,Porto de Moz,1
NÃO PARÇA,MG - DOMINALOG,PR,Quedas do Iguacu,1
NÃO PARÇA,VIANA - BULKY,ES,Santa Maria de Jetiba,1
NÃO PARÇA,MG - DOMINALOG,PB,Diamante,1
NÃO PARÇA,MG - DOMINALOG,RS,Cristal,1
NÃO PARÇA,CONECTA CARGO,MG,Pratapolis,1
NÃO PARÇA,MG - DOMINALOG,BA,Sao Miguel das Matas,1
NÃO PARÇA,CONECTA CARGO,SC,Pinhalzinho,1
NÃO PARÇA,MG - DOMINALOG,PR,Doutor Camargo,1
PARÇA,SAFARI MONTAGEM,SP,Sao Paulo,3639
PARÇA,MOVEL SERVICE,RJ,Rio de Janeiro,989
PARÇA,LOGME - TRANSPO,PR,Curitiba,443
PARÇA,OUTELETRO BH,MG,Belo Horizonte,398
PARÇA,SALDAO CAMPINAS,SP,Campinas,342
PARÇA,SAFARI MONTAGEM,SP,Guarulhos,317
PARÇA,AGMX OPORTUNIDA,DF,Brasilia,282
PARÇA,KMAN MOVEIS,RS,Porto Alegre,220
PARÇA,ORC MOVEIS E EL,BA,Salvador,220
PARÇA,SAFARI MONTAGEM,SP,Santo Andre,213
PARÇA,SAFARI MONTAGEM,SP,Santos,211
PARÇA,SAFARI MONTAGEM,SP,Sao Bernardo do Campo,207
PARÇA,SAFARI MONTAGEM,SP,Osasco,205
PARÇA,SAFARI MONTAGEM,SP,Sao Jose dos Campos,200
PARÇA,SALDAO CAMPINAS,SP,Sorocaba,179
PARÇA,SALDAO CAMPINAS,SP,Jundiai,138
PARÇA,MOVEL SERVICE,RJ,Niteroi,133
PARÇA,SAFARI MONTAGEM,SP,Praia Grande,127
PARÇA,SAFARI MONTAGEM,SP,Barueri,112
PARÇA,TOPA TUDO MOVEI,SC,Joinville,112
PARÇA,SAFARI MONTAGEM,SP,Maua,109
PARÇA,SAFARI MONTAGEM,SP,Mogi das Cruzes,108
PARÇA,OUTELETRO BH,MG,Contagem,105
PARÇA,SAFARI MONTAGEM,SP,Carapicuiba,92
PARÇA,SALDAO CAMPINAS,SP,Piracicaba,91
PARÇA,AGMX OPORTUNIDA,GO,Goiania,84
PARÇA,SALDAO CAMPINAS,SP,Indaiatuba,83
PARÇA,MOVEL SERVICE,RJ,Sao Goncalo,82
PARÇA,SAFARI MONTAGEM,SP,Sao Vicente,79
PARÇA,MOVEL SERVICE,RJ,Nova Iguacu,78
PARÇA,SAFARI MONTAGEM,SP,Itaquaquecetuba,77
PARÇA,SAFARI MONTAGEM,SP,Diadema,77
PARÇA,SAFARI MONTAGEM,PR,Londrina,77
PARÇA,SALDAO CAMPINAS,SP,Sumare,75
PARÇA,TOPA TUDO MOVEI,SC,Florianopolis,74
PARÇA,MOVEL SERVICE,RJ,Duque de Caxias,74
PARÇA,SAFARI MONTAGEM,SP,Guaruja,72
PARÇA,SAFARI MONTAGEM,SP,Taboao da Serra,71
PARÇA,OUTLET D TUDO,PE,Recife,69
PARÇA,SAFARI MONTAGEM,SP,Suzano,69
PARÇA,SALDAO CAMPINAS,SP,Hortolandia,64
PARÇA,SAFARI MONTAGEM,SP,Embu das Artes,64
PARÇA,OUTELETRO BH,MG,Betim,64
PARÇA,SALDAO CAMPINAS,SP,Americana,63
PARÇA,REAL MOWEIS COM,SP,Ribeirao Preto,62
PARÇA,SAFARI MONTAGEM,SP,Itapevi,61
PARÇA,AGMX OPORTUNIDA,MG,Uberlandia,59
PARÇA,LOGME - TRANSPO,PR,Sao Jose dos Pinhais,56
PARÇA,REAL MOWEIS COM,SP,Sao Jose do Rio Preto,55
PARÇA,SAFARI MONTAGEM,SP,Taubate,54
PARÇA,SALDAO CAMPINAS,SP,Paulinia,53
PARÇA,SALDAO CAMPINAS,SP,Limeira,53
PARÇA,ELETROSHOW OUTL,ES,Serra,53
PARÇA,SAFARI MONTAGEM,PR,Maringa,53
PARÇA,SAFARI MONTAGEM,SP,Jacarei,52
PARÇA,LOGME - TRANSPO,SP,Sao Carlos,51
PARÇA,MEGA MULTI OUTL,SP,Marilia,50
PARÇA,SAFARI MONTAGEM,SP,Sao Caetano do Sul,50
PARÇA,SAFARI MONTAGEM,SP,Cotia,49
PARÇA,MEGA MULTI OUTL,SP,Presidente Prudente,46
PARÇA,MOVEL SERVICE,RJ,Volta Redonda,44
PARÇA,OUTELETRO BH,MG,Ribeirao das Neves,43
PARÇA,SALDAO CAMPINAS,SP,Atibaia,42
PARÇA,MOVEL SERVICE,RJ,Campos dos Goytacazes,41
PARÇA,MOVEL SERVICE,RJ,Petropolis,41
PARÇA,SALDAO CAMPINAS,SP,Valinhos,41
PARÇA,LOGME - TRANSPO,SC,Florianopolis,40
PARÇA,SAFARI MONTAGEM,SP,Itapecerica da Serra,40
PARÇA,LOGME - TRANSPO,SP,Bauru,40
PARÇA,SALDAO CAMPINAS,SP,Salto,39
PARÇA,SAFARI MONTAGEM,SP,Santana de Parnaiba,39
PARÇA,MOVEL SERVICE,RJ,Sao Joao de Meriti,38
PARÇA,E S L KOSLYK CO,PR,Ponta Grossa,37
PARÇA,ELETROSHOW OUTL,ES,Vila Velha,37
PARÇA,MOVEL SERVICE,RJ,Macae,37
PARÇA,TRINDADE & CUBA,SP,Ribeirao Preto,36
PARÇA,TOPA TUDO MOVEI,SC,Itajai,36
PARÇA,ELETROSHOW OUTL,ES,Vitoria,35
PARÇA,MOVEL SERVICE,RJ,Cabo Frio,35
PARÇA,LOGME - TRANSPO,PR,Colombo,35
PARÇA,SALDAO CAMPINAS,SP,Santa Barbara DOeste,34
PARÇA,E S L KOSLYK CO,PR,Cascavel,33
PARÇA,MOVEL SERVICE,RJ,Nova Friburgo,32
PARÇA,SALDAO CAMPINAS,SP,Itatiba,32
PARÇA,SALDAO CAMPINAS,SP,Votorantim,32
PARÇA,SAFARI MONTAGEM,SP,Jandira,31
PARÇA,SALDAO CAMPINAS,SP,Itupeva,31
PARÇA,SALDAO CAMPINAS,SP,Rio Claro,31
PARÇA,TOPA TUDO MOVEI,SC,Balneario Camboriu,31
PARÇA,LOGME - TRANSPO,SP,Araraquara,31
PARÇA,ORC MOVEIS E EL,BA,Feira de Santana,30
PARÇA,SAFARI MONTAGEM,SP,Ferraz de Vasconcelos,29
PARÇA,MOVEL SERVICE,RJ,Marica,29
PARÇA,MOVEL SERVICE,RJ,Belford Roxo,29
PARÇA,SALDAO CAMPINAS,SP,Itu,28
PARÇA,SAFARI MONTAGEM,SP,Francisco Morato,28
PARÇA,TOPA TUDO MOVEI,SC,Sao Jose,28
PARÇA,KMAN MOVEIS,RS,Canoas,28
PARÇA,MOVEL SERVICE,RJ,Rio das Ostras,27
PARÇA,SAFARI MONTAGEM,SP,Franco da Rocha,27
PARÇA,SALDAO CAMPINAS,SP,Varzea Paulista,27
PARÇA,MOVEL SERVICE,RJ,Teresopolis,26
PARÇA,OUTELETRO BH,MG,Vespasiano,26
PARÇA,SEBASTIAO FIRMI,AL,Maceio,26
PARÇA,SAFARI MONTAGEM,SP,Ribeirao Pires,26
PARÇA,SALDAO CAMPINAS,SP,Araras,26
PARÇA,MOVEL SERVICE,RJ,Araruama,25
PARÇA,MOVEL SERVICE,RJ,Resende,25
PARÇA,51.202.932 FRAN,SC,Florianopolis,25
PARÇA,SAFARI MONTAGEM,SP,Poa,24
PARÇA,MOVEL SERVICE,RJ,Itaguai,24
PARÇA,SAFARI MONTAGEM,SP,Cajamar,23
PARÇA,OUTELETRO BH,MG,Santa Luzia,23
PARÇA,E S L KOSLYK CO,PR,Foz do Iguacu,23
PARÇA,SAFARI MONTAGEM,SP,Mairipora,23
PARÇA,TOPA TUDO MOVEI,SC,Palhoca,22
PARÇA,AGMX OPORTUNIDA,MG,Montes Claros,22
PARÇA,ORC MOVEIS E EL,BA,Vitoria da Conquista,22
PARÇA,KMAN MOVEIS,RS,Novo Hamburgo,21
PARÇA,ORC MOVEIS E EL,BA,Lauro de Freitas,20
PARÇA,ELETROSHOW OUTL,ES,Cariacica,20
PARÇA,LOGME - TRANSPO,PR,Pinhais,19
PARÇA,TANIA AOKI OUTL,SP,Cotia,19
PARÇA,SAFARI MONTAGEM,SP,Itanhaem,18
PARÇA,OUTELETRO BH,MG,Ibirite,18
PARÇA,MOVEL SERVICE,RJ,Mage,18
PARÇA,MOVEL SERVICE,RJ,Queimados,18
PARÇA,SAFARI MONTAGEM,SP,Aruja,18
PARÇA,KMAN MOVEIS,RS,Gravatai,18
PARÇA,SAFARI MONTAGEM,SP,Bertioga,18
PARÇA,OUTELETRO BH,MG,Nova Lima,17
PARÇA,MOVEL SERVICE,RJ,Saquarema,17
PARÇA,TRINDADE & CUBA,SP,Franca,17
PARÇA,MEGA MULTI OUTL,SP,Assis,17
PARÇA,OUTELETRO BH,MG,Sete Lagoas,17
PARÇA,MOVEL SERVICE,RJ,Nilopolis,17
PARÇA,TOPA TUDO MOVEI,SC,Camboriu,17
PARÇA,SALDAO CAMPINAS,SP,Sao Roque,17
PARÇA,MOVEL SERVICE,RJ,Itaborai,17
PARÇA,MOVEL SERVICE,RJ,Mesquita,17
PARÇA,KMAN MOVEIS,RS,Viamao,17
PARÇA,TRINDADE & CUBA,SP,Sao Jose do Rio Preto,16
PARÇA,SAFARI MONTAGEM,SP,Caieiras,16
PARÇA,SALDAO CAMPINAS,SP,Louveira,16
PARÇA,KMAN MOVEIS,RS,Sao Leopoldo,16
PARÇA,E S L KOSLYK CO,PR,Toledo,16
PARÇA,AGMX OPORTUNIDA,GO,Aparecida de Goiania,16
PARÇA,SAFARI MONTAGEM,SP,Cacapava,15
PARÇA,SALDAO CAMPINAS,SP,Boituva,15
PARÇA,MOVEL SERVICE,RJ,Sao Pedro da Aldeia,15
PARÇA,LOGME - TRANSPO,PR,Piraquara,15
PARÇA,LOGME - TRANSPO,SC,Sao Jose,15
PARÇA,E S L KOSLYK CO,PR,Sarandi,15
PARÇA,MOVEL SERVICE,RJ,Barra do Pirai,14
PARÇA,SALDAO CAMPINAS,SP,Monte Alegre do Sul,14
PARÇA,AGMX OPORTUNIDA,GO,Rio Verde,14
PARÇA,TOPA TUDO MOVEI,SC,Itapema,14
PARÇA,MOVEL SERVICE,RJ,Barra Mansa,14
PARÇA,ORC MOVEIS E EL,BA,Camacari,14
PARÇA,SALDAO CAMPINAS,SP,Mombuca,14
PARÇA,SALDAO CAMPINAS,SP,Cerquilho,14
PARÇA,AGMX OPORTUNIDA,GO,Anapolis,14
PARÇA,LOGME - TRANSPO,PR,Almirante Tamandare,14
PARÇA,SALDAO CAMPINAS,SP,Mogi Guacu,14
PARÇA,SALDAO CAMPINAS,SP,Monte Mor,14
PARÇA,SALDAO CAMPINAS,SP,Tatui,14
PARÇA,SAFARI MONTAGEM,SP,Mongagua,13
PARÇA,E S L KOSLYK CO,PR,Campo Mourao,13
PARÇA,OUTLET D TUDO,PE,Jaboatao dos Guararapes,13
PARÇA,TRINDADE & CUBA,SP,Aracatuba,13
PARÇA,MOVEL SERVICE,RJ,Japeri,13
PARÇA,KMAN MOVEIS,RS,Alvorada,12
PARÇA,SAFARI MONTAGEM,PR,Arapongas,12
PARÇA,SALDAO CAMPINAS,SP,Vinhedo,12
PARÇA,LOGME - TRANSPO,PR,Araucaria,12
PARÇA,LOGME - TRANSPO,SC,Brusque,12
PARÇA,MOVEIS CAMILO L,MG,Pocos de Caldas,12
PARÇA,SALDAO CAMPINAS,SP,Leme,12
PARÇA,E S L KOSLYK CO,PR,Umuarama,11
PARÇA,SALDAO CAMPINAS,SP,Mairinque,11
PARÇA,ORC MOVEIS E EL,BA,Alagoinhas,11
PARÇA,SAFARI MONTAGEM,SP,Itariri,11
PARÇA,SALDAO CAMPINAS,SP,Salto de Pirapora,11
PARÇA,SAFARI MONTAGEM,SP,Vargem Grande Paulista,11
PARÇA,LOGME - TRANSPO,PR,Fazenda Rio Grande,11
PARÇA,OUTLET D TUDO,PE,Olinda,11
PARÇA,SALDAO CAMPINAS,SP,Campo Limpo Paulista,11
PARÇA,TOPA TUDO MOVEI,SC,Jaragua do Sul,10
PARÇA,JEV TRANSP,SC,Tubarao,10
PARÇA,LOGME - TRANSPO,SC,Balneario Camboriu,10
PARÇA,LOGME - TRANSPO,PR,Paranagua,10
PARÇA,MOVEIS CAMILO L,SP,Mogi Mirim,10
PARÇA,SALDAO CAMPINAS,SP,Cosmopolis,10
PARÇA,LOGME - TRANSPO,SP,Botucatu,10
PARÇA,SALDAO CAMPINAS,SP,Aracariguama,10
PARÇA,REAL MOWEIS COM,SP,Mirassol,10
PARÇA,TOPA TUDO MOVEI,SC,Navegantes,10
PARÇA,E S L KOSLYK CO,PR,Paranavai,9
PARÇA,SALDAO CAMPINAS,SP,Ibiuna,9
PARÇA,SAFARI MONTAGEM,SE,Aracaju,9
PARÇA,OUTELETRO BH,MG,Sabara,9
PARÇA,MOVEL SERVICE,RJ,Mangaratiba,9
PARÇA,SALDAO CAMPINAS,SP,Aracoiaba da Serra,9
PARÇA,E S L KOSLYK CO,PR,Apucarana,9
PARÇA,MOVEL SERVICE,RJ,Cachoeiras de Macacu,9
PARÇA,MOVEL SERVICE,RJ,Casimiro de Abreu,9
PARÇA,MOVEIS CAMILO L,MG,Varginha,9
PARÇA,KMAN MOVEIS,RS,Esteio,9
PARÇA,ELETROSHOW OUTL,ES,Colatina,9
PARÇA,KMAN MOVEIS,RS,Cachoeirinha,9
PARÇA,OUTELETRO BH,MG,Esmeraldas,8
PARÇA,REAL MOWEIS COM,SP,Catanduva,8
PARÇA,KMAN MOVEIS,RS,Sapucaia do Sul,8
PARÇA,AGMX OPORTUNIDA,MG,Uberaba,8
PARÇA,OUTELETRO BH,MG,Juatuba,8
PARÇA,SALDAO CAMPINAS,SP,Porto Feliz,8
PARÇA,SALDAO CAMPINAS,SP,Holambra,8
PARÇA,OUTLET D TUDO,PE,Paulista,8
PARÇA,LOGME - TRANSPO,SP,Ourinhos,8
PARÇA,MOVEL SERVICE,RJ,Armacao dos Buzios,8
PARÇA,REAL MOWEIS COM,SP,Votuporanga,8
PARÇA,LOGME - TRANSPO,SC,Palhoca,8
PARÇA,SALDAO CAMPINAS,SP,Jarinu,8
PARÇA,LOGME - TRANSPO,PR,Quatro Barras,7
PARÇA,MOVEIS CAMILO L,SP,Sao Joao da Boa Vista,7
PARÇA,MOVEL SERVICE,RJ,Rio Bonito,7
PARÇA,TOPA TUDO MOVEI,SC,Barra Velha,7
PARÇA,SALDAO CAMPINAS,SP,Capela do Alto,7
PARÇA,E S L KOSLYK CO,PR,Guarapuava,7
PARÇA,TRINDADE & CUBA,SP,Birigui,7
PARÇA,SALDAO CAMPINAS,SP,Cabreuva,7
PARÇA,AGMX OPORTUNIDA,MG,Patos de Minas,7
PARÇA,MOVEL SERVICE,RJ,Vassouras,7
PARÇA,ORC MOVEIS E EL,BA,Simoes Filho,7
PARÇA,MEGA MULTI OUTL,SP,Pirapozinho,7
PARÇA,E S L KOSLYK CO,PR,Cianorte,7
PARÇA,LOGME - TRANSPO,SP,Lencois Paulista,7
PARÇA,E S L KOSLYK CO,PR,Cambe,7
PARÇA,MOVEL SERVICE,RJ,Paracambi,6
PARÇA,MOVEL SERVICE,RJ,Seropedica,6
PARÇA,E S L KOSLYK CO,PR,Cornelio Procopio,6
PARÇA,51.202.932 FRAN,SC,Sao Jose,6
PARÇA,AGMX OPORTUNIDA,MG,Araguari,6
PARÇA,MOVEIS CAMILO L,MG,Pouso Alegre,6
PARÇA,MOVEIS CAMILO L,SP,Mogi Guacu,6
PARÇA,MOVEIS CAMILO L,SP,Espirito Santo do Pinhal,6
PARÇA,REAL MOWEIS COM,SP,Sertaozinho,6
PARÇA,LOGME - TRANSPO,SC,Blumenau,6
PARÇA,LOGME - TRANSPO,SC,Itajai,6
PARÇA,MEGA MULTI OUTL,SP,Tupa,6
PARÇA,SALDAO CAMPINAS,SP,Capivari,6
PARÇA,MEGA MULTI OUTL,SP,Paraguacu Paulista,6
PARÇA,JEV TRANSP,SC,Imbituba,6
PARÇA,OUTELETRO BH,MG,Igarape,6
PARÇA,REAL MOWEIS COM,SP,Olimpia,5
PARÇA,OUTELETRO BH,MG,Sao Jose da Lapa,5
PARÇA,LOGME - TRANSPO,PR,Campina Grande do Sul,5
PARÇA,ORC MOVEIS E EL,BA,Paulo Afonso,5
PARÇA,E S L KOSLYK CO,PR,Jacarezinho,5
PARÇA,MEGA MULTI OUTL,SP,Rancharia,5
PARÇA,SAFARI MONTAGEM,SP,Rio Grande da Serra,5
PARÇA,LOGME - TRANSPO,SP,Jau,5
PARÇA,SAFARI MONTAGEM,SP,Embu Guacu,5
PARÇA,AGMX OPORTUNIDA,GO,Valparaiso de Goias,5
PARÇA,E S L KOSLYK CO,PR,Carambei,5
PARÇA,OUTELETRO BH,MG,Sarzedo,5
PARÇA,E S L KOSLYK CO,PR,Rolandia,5
PARÇA,MOVEL SERVICE,RJ,Iguaba Grande,5
PARÇA,AGMX OPORTUNIDA,GO,Cidade Ocidental,5
PARÇA,SALDAO CAMPINAS,SP,Tiete,5
PARÇA,SALDAO CAMPINAS,SP,Rio das Pedras,5
PARÇA,SALDAO CAMPINAS,SP,Engenheiro Coelho,5
PARÇA,MOVEL SERVICE,RJ,Arraial do Cabo,4
PARÇA,LOGME - TRANSPO,SP,Sao Manuel,4
PARÇA,SALDAO CAMPINAS,SP,Ipero,4
PARÇA,REAL MOWEIS COM,SP,Barretos,4
PARÇA,REAL MOWEIS COM,SP,Balsamo,4
PARÇA,AGMX OPORTUNIDA,MG,Monte Carmelo,4
PARÇA,JEV TRANSP,SC,Garopaba,4
PARÇA,LOGME - TRANSPO,PR,Morretes,4
PARÇA,AGMX OPORTUNIDA,MG,Ituiutaba,4
PARÇA,MEGA MULTI OUTL,SP,Ibirarema,4
PARÇA,REAL MOWEIS COM,SP,Pitangueiras,4
PARÇA,MOVEL SERVICE,RJ,Valenca,4
PARÇA,REAL MOWEIS COM,SP,Bady Bassitt,4
PARÇA,ORC MOVEIS E EL,BA,Ipira,4
PARÇA,KMAN MOVEIS,RS,Eldorado do Sul,4
PARÇA,LOGME - TRANSPO,SC,Camboriu,4
PARÇA,SALDAO CAMPINAS,SP,Pilar do Sul,4
PARÇA,SAFARI MONTAGEM,SP,Juquitiba,4
PARÇA,OUTELETRO BH,MG,Sao Joaquim de Bicas,4
PARÇA,MEGA MULTI OUTL,SP,Candido Mota,4
PARÇA,SALDAO CAMPINAS,SP,Morungaba,4
PARÇA,KMAN MOVEIS,RS,Campo Bom,4
PARÇA,LOGME - TRANSPO,PR,Matinhos,4
PARÇA,MEGA MULTI OUTL,SP,Ourinhos,4
PARÇA,E S L KOSLYK CO,PR,Telemaco Borba,4
PARÇA,MOVEIS CAMILO L,SP,Vargem Grande do Sul,4
PARÇA,REAL MOWEIS COM,SP,Bebedouro,4
PARÇA,SAFARI MONTAGEM,PR,Marialva,4
PARÇA,E S L KOSLYK CO,PR,Castro,4
PARÇA,SALDAO CAMPINAS,SP,Piedade,4
PARÇA,KMAN MOVEIS,RS,Guaiba,4
PARÇA,ORC MOVEIS E EL,BA,Juazeiro,4
PARÇA,SALDAO CAMPINAS,SP,Iracemapolis,4
PARÇA,AGMX OPORTUNIDA,GO,aguas Lindas de Goias,4
PARÇA,LOGME - TRANSPO,SP,Bariri,4
PARÇA,SALDAO CAMPINAS,SP,Pedreira,4
PARÇA,SALDAO CAMPINAS,SP,Mogi Mirim,4
PARÇA,AGMX OPORTUNIDA,GO,Catalao,4
PARÇA,JEV TRANSP,SC,Laguna,4
PARÇA,ORC MOVEIS E EL,BA,Serrinha,3
PARÇA,AGMX OPORTUNIDA,GO,Luziania,3
PARÇA,ELETROSHOW OUTL,ES,Aracruz,3
PARÇA,ORC MOVEIS E EL,BA,Canudos,3
PARÇA,LOGME - TRANSPO,SC,Bombinhas,3
PARÇA,JEV TRANSP,SC,Jaguaruna,3
PARÇA,LOGME - TRANSPO,SP,Barra Bonita,3
PARÇA,SAFARI MONTAGEM,SE,Nossa Senhora do Socorro,3
PARÇA,MOVEIS CAMILO L,MG,Machado,3
PARÇA,MOVEL SERVICE,RJ,Paty do Alferes,3
PARÇA,AGMX OPORTUNIDA,MG,Sao Gotardo,3
PARÇA,LOGME - TRANSPO,SP,Ibate,3
PARÇA,ORC MOVEIS E EL,BA,Conceicao do Coite,3
PARÇA,LOGME - TRANSPO,SP,Igaracu do Tiete,3
PARÇA,MOVEL SERVICE,RJ,Pirai,3
PARÇA,E S L KOSLYK CO,PR,Assis Chateaubriand,3
PARÇA,SALDAO CAMPINAS,SP,Conchal,3
PARÇA,MOVEL SERVICE,RJ,Cordeiro,3
PARÇA,E S L KOSLYK CO,PR,Siqueira Campos,3
PARÇA,E S L KOSLYK CO,PR,Santo Antonio da Platina,3
PARÇA,MEGA MULTI OUTL,SP,Pompeia,3
PARÇA,MOVEL SERVICE,RJ,Itaperuna,3
PARÇA,ORC MOVEIS E EL,BA,Euclides da Cunha,3
PARÇA,SAFARI MONTAGEM,PR,Bandeirantes,3
PARÇA,E S L KOSLYK CO,PR,Nova Londrina,3
PARÇA,AGMX OPORTUNIDA,MG,Patrocinio,3
PARÇA,LOGME - TRANSPO,SP,Boa Esperanca do Sul,3
PARÇA,LOGME - TRANSPO,SC,Penha,3
PARÇA,TRINDADE & CUBA,SP,Penapolis,3
PARÇA,SALDAO CAMPINAS,SP,Artur Nogueira,3
PARÇA,AGMX OPORTUNIDA,MG,Araxa,3
PARÇA,51.202.932 FRAN,SC,Palhoca,3
PARÇA,LOGME - TRANSPO,SC,Navegantes,3
PARÇA,OUTELETRO BH,MG,Matozinhos,3
PARÇA,KMAN MOVEIS,RS,Rolante,3
PARÇA,ORC MOVEIS E EL,BA,Maragogipe,3
PARÇA,ORC MOVEIS E EL,BA,Ribeira do Pombal,2
PARÇA,TRINDADE & CUBA,SP,Adamantina,2
PARÇA,ORC MOVEIS E EL,BA,Muritiba,2
PARÇA,LOGME - TRANSPO,PR,Campo Magro,2
PARÇA,E S L KOSLYK CO,PR,Perola,2
PARÇA,ELETROSHOW OUTL,ES,Linhares,2
PARÇA,E S L KOSLYK CO,PR,Loanda,2
PARÇA,MOVEL SERVICE,RJ,Sumidouro,2
PARÇA,MOVEL SERVICE,RJ,Duas Barras,2
PARÇA,OUTELETRO BH,MG,Mario Campos,2
PARÇA,AGMX OPORTUNIDA,MG,Lagoa Formosa,2
PARÇA,REAL MOWEIS COM,SP,Nova Granada,2
PARÇA,SALDAO CAMPINAS,SP,Cesario Lange,2
PARÇA,SALDAO CAMPINAS,SP,Estiva Gerbi,2
PARÇA,ORC MOVEIS E EL,BA,Capela do Alto Alegre,2
PARÇA,LOGME - TRANSPO,SP,Duartina,2
PARÇA,ORC MOVEIS E EL,BA,Pojuca,2
PARÇA,ORC MOVEIS E EL,BA,Rio Real,2
PARÇA,TRINDADE & CUBA,SP,Lins,2
PARÇA,E S L KOSLYK CO,PR,Bela Vista do Paraiso,2
PARÇA,MOVEIS CAMILO L,SP,Mococa,2
PARÇA,MOVEL SERVICE,RJ,Pinheiral,2
PARÇA,MOVEL SERVICE,RJ,Mendes,2
PARÇA,JEV TRANSP,SC,Imarui,2
PARÇA,E S L KOSLYK CO,PR,Irati,2
PARÇA,SALDAO CAMPINAS,SP,Saltinho,2
PARÇA,E S L KOSLYK CO,PR,Goioere,2
PARÇA,KMAN MOVEIS,RS,Sao Jeronimo,2
PARÇA,E S L KOSLYK CO,PR,Tibagi,2
PARÇA,MOVEL SERVICE,RJ,Itatiaia,2
PARÇA,SAFARI MONTAGEM,SP,Peruibe,2
PARÇA,ORC MOVEIS E EL,BA,Gandu,2
PARÇA,LOGME - TRANSPO,SP,Pederneiras,2
PARÇA,MOVEL SERVICE,RJ,Bom Jardim,2
PARÇA,E S L KOSLYK CO,PR,Faxinal,2
PARÇA,TRINDADE & CUBA,SP,Garca,2
PARÇA,MOVEL SERVICE,RJ,Miracema,2
PARÇA,SALDAO CAMPINAS,SP,Santo Antonio de Posse,2
PARÇA,SALDAO CAMPINAS,SP,Aluminio,2
PARÇA,SALDAO CAMPINAS,SP,Santa Gertrudes,2
PARÇA,LOGME - TRANSPO,SP,Agudos,2
PARÇA,ORC MOVEIS E EL,BA,Senhor do Bonfim,2
PARÇA,ORC MOVEIS E EL,BA,Catu,2
PARÇA,MOVEL SERVICE,RJ,Sao Joao da Barra,2
PARÇA,MOVEL SERVICE,RJ,Quatis,2
PARÇA,AGMX OPORTUNIDA,GO,Alexania,2
PARÇA,E S L KOSLYK CO,PR,Pitanga,2
PARÇA,MOVEL SERVICE,RJ,Carmo,2
PARÇA,OUTELETRO BH,MG,Raposos,2
PARÇA,MOVEL SERVICE,RJ,Miguel Pereira,2
PARÇA,E S L KOSLYK CO,PR,Borrazopolis,2
PARÇA,LOGME - TRANSPO,PR,Antonina,2
PARÇA,TRINDADE & CUBA,SP,Bady Bassitt,2
PARÇA,OUTLET D TUDO,PE,Camaragibe,2
PARÇA,KMAN MOVEIS,RS,Parobe,2
PARÇA,REAL MOWEIS COM,SP,Uchoa,2
PARÇA,ORC MOVEIS E EL,BA,Jeremoabo,2
PARÇA,JEV TRANSP,SC,Sao Ludgero,2
PARÇA,E S L KOSLYK CO,PR,Prudentopolis,2
PARÇA,LOGME - TRANSPO,SC,Itapema,2
PARÇA,ORC MOVEIS E EL,BA,Candeias,2
PARÇA,OUTELETRO BH,MG,Caete,2
PARÇA,ORC MOVEIS E EL,BA,Araci,2
PARÇA,ORC MOVEIS E EL,BA,Nazare,2
PARÇA,JEV TRANSP,SC,Braco do Norte,2
PARÇA,MOVEIS CAMILO L,MG,Muzambinho,2
PARÇA,AGMX OPORTUNIDA,SC,Brusque,1
PARÇA,E S L KOSLYK CO,PR,Congonhinhas,1
PARÇA,ORC MOVEIS E EL,BA,Sitio do Quinto,1
PARÇA,E S L KOSLYK CO,PR,Prado Ferreira,1
PARÇA,TRINDADE & CUBA,SP,Cedral,1
PARÇA,SAFARI MONTAGEM,SP,Catanduva,1
PARÇA,MEGA MULTI OUTL,SP,Taruma,1
PARÇA,ORC MOVEIS E EL,BA,Nova Soure,1
PARÇA,MOVEL SERVICE,RJ,Rio Claro,1
PARÇA,ORC MOVEIS E EL,BA,Cruz das Almas,1
PARÇA,TRINDADE & CUBA,SP,Ribeirao Corrente,1
PARÇA,E S L KOSLYK CO,PR,Douradina,1
PARÇA,ORC MOVEIS E EL,BA,Monte Santo,1
PARÇA,KMAN MOVEIS,RS,Cidreira,1
PARÇA,MOVEIS CAMILO L,MG,Poco Fundo,1
PARÇA,MOVEL SERVICE,RJ,Angra dos Reis,1
PARÇA,ORC MOVEIS E EL,BA,Governador Mangabeira,1
PARÇA,LOGME - TRANSPO,SP,Dourado,1
PARÇA,TRINDADE & CUBA,SP,Promissao,1
PARÇA,JEV TRANSP,SC,Orleans,1
PARÇA,E S L KOSLYK CO,PR,Matelandia,1
PARÇA,KMAN MOVEIS,RS,Igrejinha,1
PARÇA,TRINDADE & CUBA,SP,Mirassol,1
PARÇA,E S L KOSLYK CO,PR,Guaira,1
PARÇA,E S L KOSLYK CO,PR,Sabaudia,1
PARÇA,MOVEIS CAMILO L,SP,aguas da Prata,1
PARÇA,TRINDADE & CUBA,SP,Osvaldo Cruz,1
PARÇA,MOVEL SERVICE,RJ,Carapebus,1
PARÇA,REAL MOWEIS COM,SP,Tanabi,1
PARÇA,LOGME - TRANSPO,SP,Presidente Alves,1
PARÇA,TOPA TUDO MOVEI,SC,Monte Castelo,1
PARÇA,ORC MOVEIS E EL,BA,Ruy Barbosa,1
PARÇA,KMAN MOVEIS,RS,Nova Santa Rita,1
PARÇA,ORC MOVEIS E EL,BA,Tanquinho,1
PARÇA,TRINDADE & CUBA,SP,Parapua,1
PARÇA,AGMX OPORTUNIDA,MG,Ibia,1
PARÇA,E S L KOSLYK CO,PR,Lunardelli,1
PARÇA,SALDAO CAMPINAS,SP,Sarapui,1
PARÇA,ORC MOVEIS E EL,BA,Santaluz,1
PARÇA,E S L KOSLYK CO,PR,Centenario do Sul,1
PARÇA,TRINDADE & CUBA,SP,Brauna,1
PARÇA,E S L KOSLYK CO,PR,Rondon,1
PARÇA,ORC MOVEIS E EL,BA,Madre de Deus,1
PARÇA,SAFARI MONTAGEM,SE,Estancia,1
PARÇA,MOVEIS CAMILO L,SP,Sao Jose do Rio Pardo,1
PARÇA,SAFARI MONTAGEM,SE,Itabaiana,1
PARÇA,KMAN MOVEIS,RS,Portao,1
PARÇA,SALDAO CAMPINAS,SP,Ipeuna,1
PARÇA,ORC MOVEIS E EL,BA,Conceicao da Feira,1
PARÇA,AGMX OPORTUNIDA,MG,Abadia dos Dourados,1
PARÇA,E S L KOSLYK CO,PR,Mandaguari,1
PARÇA,LIFE - GERENCIA,SC,Sao Jose,1
PARÇA,MOVEL SERVICE,RJ,Guapimirim,1
PARÇA,KMAN MOVEIS,RS,Sapiranga,1
PARÇA,MOVEL SERVICE,RJ,Sao Fidelis,1
PARÇA,LOGME - TRANSPO,SC,Porto Belo,1
PARÇA,JEV TRANSP,SC,Paulo Lopes,1
PARÇA,ORC MOVEIS E EL,BA,Sao Francisco do Conde,1
PARÇA,E S L KOSLYK CO,PR,Cambira,1
PARÇA,E S L KOSLYK CO,PR,Francisco Beltrao,1
PARÇA,E S L KOSLYK CO,PR,Ivaipora,1
PARÇA,LIFE - GERENCIA,PR,Curitiba,1
PARÇA,ELETROSHOW OUTL,ES,Viana,1
PARÇA,TRINDADE & CUBA,SP,Buritama,1
PARÇA,REAL MOWEIS COM,SP,Monte Aprazivel,1
PARÇA,MOVEL SERVICE,RJ,Silva Jardim,1
PARÇA,MOVEIS CAMILO L,SP,Divinolandia,1
PARÇA,MOVEIS CAMILO L,MG,Cabo Verde,1
PARÇA,ORC MOVEIS E EL,BA,Quijingue,1
PARÇA,TRINDADE & CUBA,SP,Guararapes,1
PARÇA,SAFARI MONTAGEM,PR,Cambara,1
PARÇA,E S L KOSLYK CO,PR,Urai,1
PARÇA,SAFARI MONTAGEM,PR,Curitiba,1
PARÇA,KMAN MOVEIS,RS,Dois Irmaos,1
PARÇA,MOVEIS CAMILO L,MG,Alfenas,1
PARÇA,LOGME - TRANSPO,SC,Tijucas,1
PARÇA,LOGME - TRANSPO,SP,Espirito Santo do Turvo,1
PARÇA,E S L KOSLYK CO,PR,Jaboti,1
PARÇA,TRINDADE & CUBA,SP,Oriente,1
PARÇA,MEGA MULTI OUTL,SP,Tarabai,1
PARÇA,E S L KOSLYK CO,PR,Colorado,1
PARÇA,ORC MOVEIS E EL,BA,Entre Rios,1
PARÇA,E S L KOSLYK CO,PR,Barbosa Ferraz,1
PARÇA,E S L KOSLYK CO,PR,Reserva,1
PARÇA,AGMX OPORTUNIDA,MG,Campos Altos,1
PARÇA,MEGA MULTI OUTL,SP,Quata,1
PARÇA,ORC MOVEIS E EL,BA,Campo Formoso,1
PARÇA,AGMX OPORTUNIDA,GO,Santo Antonio do Descoberto,1
PARÇA,ORC MOVEIS E EL,BA,Valente,1
PARÇA,AGMX OPORTUNIDA,MG,Nova Ponte,1
PARÇA,MOVEIS CAMILO L,MG,Jacutinga,1
PARÇA,LIFE - GERENCIA,SC,Palhoca,1
PARÇA,ORC MOVEIS E EL,BA,Macarani,1
PARÇA,TRINDADE & CUBA,SP,Mirandopolis,1
PARÇA,E S L KOSLYK CO,PR,Japira,1
PARÇA,ORC MOVEIS E EL,BA,Pe de Serra,1
PARÇA,AGMX OPORTUNIDA,MG,Frutal,1
PARÇA,REAL MOWEIS COM,SP,Onda Verde,1
PARÇA,TRINDADE & CUBA,SP,Santo Antonio do Aracangua,1
PARÇA,LOGME - TRANSPO,SP,Macatuba,1
PARÇA,SAFARI MONTAGEM,PR,Paicandu,1
PARÇA,AGMX OPORTUNIDA,MG,Conceicao das Alagoas,1
PARÇA,ORC MOVEIS E EL,BA,Serra Preta,1
PARÇA,E S L KOSLYK CO,PR,Paranapoema,1
PARÇA,REAL MOWEIS COM,SP,Guapiacu,1
PARÇA,MOVEIS CAMILO L,SP,Caconde,1
PARÇA,TRINDADE & CUBA,SP,Cafelandia,1
PARÇA,LOGME - TRANSPO,SP,Santa Cruz do Rio Pardo,1
PARÇA,ORC MOVEIS E EL,BA,Esplanada,1
PARÇA,ORC MOVEIS E EL,BA,Pindobacu,1
PARÇA,JEV TRANSP,SC,Pescaria Brava,1
PARÇA,ORC MOVEIS E EL,BA,Conceicao do Jacuipe,1
PARÇA,MOVEIS CAMILO L,MG,Congonhal,1
PARÇA,ORC MOVEIS E EL,BA,Gaviao,1
PARÇA,AGMX OPORTUNIDA,MG,Itapagipe,1
PARÇA,ORC MOVEIS E EL,BA,Sao Felix,1
PARÇA,LOGME - TRANSPO,SP,Bernardino de Campos,1
PARÇA,E S L KOSLYK CO,PR,Astorga,1
PARÇA,MOVEIS CAMILO L,MG,Botelhos,1
PARÇA,TRINDADE & CUBA,SP,Monte Aprazivel,1
PARÇA,E S L KOSLYK CO,PR,Jandaia do Sul,1
PARÇA,MOVEL SERVICE,RJ,Porto Real,1
PARÇA,TRINDADE & CUBA,SP,Andradina,1
PARÇA,MEGA MULTI OUTL,SP,Salto Grande,1
PARÇA,ORC MOVEIS E EL,BA,Santa Barbara,1
PARÇA,E S L KOSLYK CO,PR,Sao Miguel do Iguacu,1
PARÇA,TOPA TUDO MOVEI,SC,Penha,1
PARÇA,E S L KOSLYK CO,PR,Assai,1
