,,,,WEEK 2025,,,,,,,,,,,,,,,,,,,,,,,,,,,,,,,,,,,,,,,,,,,,,,,,,,,,WEEK 2026,,,,,,,,,,,,,,,,,,,,,,,,,,,,,,,,,,,,,,,,,,,,,,,,,,,,,,2025,,,,,,,,,,,,2026,,,,,,,,,,,,,,,,,Quarter 2025,,,,Quarter 2026,,,,,,,,,,,,,,,,
CANAL,INDICADOR,REF.,,1,2,3,4,5,6,7,8,9,10,11,12,13,14,15,16,17,18,19,20,21,22,23,24,25,26,27,28,29,30,31,32,33,34,35,36,37,38,39,40,41,42,43,44,45,46,47,48,49,50,51,52,1,2,3,4,5,6,7,8,9,10,11,12,13,14,15,16,17,18,19,20,21,22,23,24,25,26,27,28,29,30,31,32,33,34,35,36,37,38,39,40,41,42,43,44,45,46,47,48,49,50,51,52,WOW,,JAN,FEV,MAR,ABR,MAI,JUN,JUL,AGO,SET,OUT,NOV,DEZ,JAN,FEV,MAR,ABR,MAI,JUN,JUL,AGO,SET,OUT,NOV,DEZ,MOM,,2025,2026,,1Q,2Q,3Q,4Q,1Q,2Q,3Q,4Q,,JAN,FEV,MAR,ABR,MAI,JUN,JUL,AGO,SET,OUT,NOV,DEZ
,EXPERIÊNCIA CONFIÁVEL E SEM ATRITOS,,,,,,,,,,,,,,,,,,,,,,,,,,,,,,,,,,,,,,,,,,,,,,,,,,,,,,,,,,,,,,,,,,,,,,,,,,,,,,,,,,,,,,,,,,,,,,,,,,,,,,,,,,,,,,,,,,,,,,,,,,,,,,,,,,,,,,,,,,,,,,,,,,,,,,,,,,,,,,
,,,,,,,,,,,,,,,,,,,,,,,,,,,,,,,,,,,,,,,,,,,,,,,,,,,,,,,,,,,,,,,,,,,,,,,,,,,,,,,,,,,,,,,,,,,,,,,,,,,,,,,,,,,,,,"92,41%","80,35%","81,25%","82,87%","84,48%","81,96%","81,43%","83,33%","85,92%","86,12%","86,89%","85,01%",,,,,,,,,,,,,,,,,,,,,,,,,,,,,,,,,,,,,,
1P + 3P + Bulky,SLA Parça,%,maior - melhor,"100,00%","98,52%","98,95%","94,52%","91,54%","88,39%","81,58%","85,68%","82,34%","87,39%","86,51%","85,02%","79,19%","82,01%","87,72%","83,43%","85,50%","90,34%","88,79%","89,78%","87,56%","86,61%","86,99%","80,85%","86,48%","84,44%","78,00%","83,24%","85,50%","85,71%","85,19%","80,45%","81,24%","85,77%","90,00%","82,45%","85,07%","88,35%","87,64%","84,55%","87,14%","83,66%","84,94%","89,72%","87,74%","81,16%","90,20%","89,50%","86,94%","83,10%","84,11%","89,21%","77,54%","79,42%","82,78%","86,28%","85,88%","90,73%","88,50%","89,14%","90,11%","87,14%","88,78%","91,40%","90,41%","88,87%","90,95%","85,05%","89,34%","89,09%","90,22%","92,88%","87,91%","88,25%","85,56%","84,24%","90,32%","88,41%",,,,,,,,,,,,,,,,,,,,,,,,,,,"-2,11%",,"95,33%","84,34%","83,97%","85,53%","87,43%","82,42%","81,61%","83,50%","85,84%","86,01%","87,04%","85,03%","82,46%","89,52%","89,47%","88,51%","89,30%","86,14%",,,,,,,"-3,54%",,"84,10%","89,00%",,"87,88%","85,13%","83,65%","86,03%","87,15%","87,98%",,,,,,,,,,,,,,,
,Meta SLA,%,-,-,-,-,-,-,-,-,-,-,-,-,-,-,-,-,-,,,,,,,,,,,,,,,,,,,,,,,,,,,,,,,,,,,,,,,,,,,,,,,,,,,,-,-,-,-,-,-,-,,,,,,,,,,,,,,,,,,,,,,,,,,,,,,,-,,"90,83%","86,52%","83,84%","83,41%","85,31%","83,02%","84,50%","83,19%","85,36%","88,18%","86,87%","90,97%","82,46%","85,06%","85,82%","86,43%","86,58%","85,77%","86,24%","86,56%","88,99%","88,87%","90,30%","89,71%","-0,94%",,"86,00%","86,90%",,"87,06%","83,91%",,,,,,,,,,,,,,,,,,,
,Atingimento,%,-,-,-,-,-,-,-,-,-,-,-,-,-,-,-,-,-,,,,,,,,,,,,,,,,,,,,,,,,,,,,,,,,,,,,,,,,,,,,,,,,,,,,-,-,-,-,-,-,-,,,,,,,,,,,,,,,,,,,,,,,,,,,,,,,-,,"104,95%","97,48%","100,16%","102,54%","102,49%","99,28%","96,58%","100,37%","100,56%","97,54%","100,20%","93,47%","100,00%","105,24%","104,25%","102,41%","103,14%",,,,,,,,-,,"97,79%","102,42%",,,,,,,,,,,,,,,,,,,,,,
,Realizado Acumulado,%,-,,,,,,,,,,,,,,,,,,,,,,,,,,,,,,,,,,,,,,,,,,,,,,,,,,,,,,,,,,,,,,,,,,,,-,-,-,-,-,-,-,,,,,,,,,,,,,,,,,,,,,,,,,,,,,,,-,,,,,,,,,,,,,,,,,,"88,12%",,,,,,,,-,,,,,,,,,,,,,,,,,,,,,,,,,
1P,SLA Safari,%,maior - melhor,"100,00%","97,14%","100,00%","97,09%","93,13%","86,91%","82,51%","88,32%","83,70%","89,33%","90,76%","88,29%","80,72%","85,21%","89,95%","94,44%","90,34%","92,80%","96,07%","93,91%","92,53%","92,42%","92,82%","84,47%","86,49%","82,56%","78,22%","87,50%","79,83%","78,95%","84,36%","85,13%","84,75%","81,78%","91,15%","78,41%","80,93%","85,71%","87,89%","86,11%","92,31%","81,22%","83,20%","87,91%","89,76%","81,56%","90,78%","89,58%","83,54%","80,12%","82,57%","85,19%","74,07%","74,59%","74,44%","87,69%","82,38%","86,69%","88,89%","83,33%","88,00%","84,43%","83,26%","87,98%","89,78%","89,39%","92,38%","84,06%","92,77%","82,40%","85,19%","86,96%","85,71%","89,10%","82,40%","81,34%","88,74%","88,04%",,,,,,,,,,,,,,,,,,,,,,,,,,,"-0,79%",,"91,51%","87,10%","86,87%","90,78%","93,12%","84,40%","79,20%","85,31%","83,84%","86,76%","88,21%","82,85%","78,69%","87,43%","87,44%","88,31%","87,04%","83,44%",,,,,,,"-4,14%",,"86,43%","87,63%",,"88,49%","89,43%","82,78%","85,94%","84,52%","86,26%",,,,,,,,,,,,,,,
,Notas com Atraso,#,menor - melhor,,1,,5,9,25,32,23,44,19,17,24,32,25,21,5,12,17,9,14,13,7,13,25,15,30,44,16,24,24,33,29,34,43,17,49,37,21,23,25,13,36,41,26,17,33,19,25,40,32,42,16,14,47,57,32,34,,,,30,38,37,28,23,21,16,44,12,22,24,15,20,17,47,50,25,22,,,,,,,,,,,,,,,,,,,,,,,,,,,"-12,00%",,-,-,-,"31,58%","60,00%","-20,00%","31,25%","-61,90%",-,,,,,,,,,47,,,,,,,-,,"90,00%",,,,"23,86%","-15,33%",,,"4700,00%",,,,,,,,,,,,,,,
1P,SLA Saldão,%,maior - melhor,-%,"95,00%","94,74%","100,00%","95,00%","98,44%","88,24%","95,24%","92,73%","97,83%","94,34%","94,00%","91,30%","100,00%","93,10%","96,43%","97,67%","97,96%","100,00%","93,15%","100,00%","96,13%","100,00%","96,55%","97,50%","100,00%","98,00%","97,97%","95,16%","89,83%","100,00%","94,29%","92,86%","98,21%","100,00%","90,32%","100,00%","95,08%","100,00%","92,86%","100,00%","97,92%","100,00%","97,30%","86,36%","91,53%","95,92%","97,06%","97,96%","97,78%","97,14%","96,88%",-%,"90,48%","94,44%","92,11%","97,01%","95,38%","100,00%","98,36%","98,41%","100,00%","96,77%","98,39%","94,00%","100,00%","98,63%","98,36%","96,36%","96,43%","100,00%","97,30%","94,37%","95,59%","94,12%","88,06%","98,25%","97,37%",,,,,,,,,,,,,,,,,,,,,,,,,,,"-0,90%",,"94,95%","87,10%","94,63%","96,60%","97,08%","98,54%","95,79%","96,20%","96,28%","97,39%","92,65%","97,45%","93,24%","97,58%","97,41%","97,84%","96,82%","93,58%",,,,,,,"-3,35%",,"96,50%","96,70%",,"92,23%","97,41%","96,09%","95,83%","96,08%","96,08%",,,,,,,,,,,,,,,
,Notas com Atraso,#,menor - melhor,,1,2,,2,1,8,3,4,1,3,3,4,0,3,2,1,1,0,5,0,2,0,2,1,0,1,1,3,6,0,4,4,1,0,6,0,3,0,5,0,1,0,1,9,5,2,2,1,1,2,1,-,6,4,6,2,,,,1,0,2,1,3,0,1,1,2,2,0,2,4,3,3,8,1,2,,,,,,,,,,,,,,,,,,,,,,,,,,,"100,00%",,,,,,,,,,,,,,,,,,,3,,,,,,,-,,,,,,,,,,"300,00%",,,,,,,,,,,,,,,
1P,SLA Movel Service,%,maior - melhor,"100,00%","100,00%","98,08%","93,22%","86,36%","90,79%","68,75%","83,95%","87,04%","85,19%","86,30%","86,76%","85,19%","91,18%","90,14%","81,63%","82,86%","87,69%","67,90%","86,67%","81,67%","81,04%","84,93%","86,30%","86,57%","81,48%","77,27%","87,93%","93,55%","88,24%","86,76%","72,28%","73,24%","91,38%","90,77%","73,49%","81,54%","92,59%","83,16%","76,81%","86,57%","93,98%","81,54%","87,84%","83,12%","79,57%","87,72%","80,95%","93,65%","78,70%","81,03%","83,67%","77,27%","85,88%","78,49%","82,19%","90,48%","93,75%","82,54%","88,14%","90,32%","88,64%","86,30%","78,85%","80,00%","61,97%","57,14%","64,84%","76,25%","82,76%","90,63%","88,89%","80,85%","82,50%","74,36%","62,16%","58,97%","76,32%",,,,,,,,,,,,,,,,,,,,,,,,,,,"29,42%",,"87,86%","81,61%","89,56%","91,16%","79,48%","76,47%","86,75%","78,27%","82,39%","84,76%","82,11%","81,17%","82,83%","89,56%","78,72%","69,39%","82,14%","66,50%",,,,,,,"-19,04%",,"89,14%","88,56%",,"86,34%","82,37%","82,47%","82,68%","83,70%","72,68%",,,,,,,,,,,,,,,
,Notas com Atraso,#,menor - melhor,,,1,2,,2,1,8,3,4,1,9,12,3,6,6,4,8,26,10,11,17,11,10,9,10,10,7,4,8,9,28,19,5,6,22,12,4,16,16,9,5,12,9,13,19,7,20,4,23,22,8,10,12,20,13,8,,,,6,5,10,11,13,27,24,32,19,10,3,4,9,14,20,28,16,18,,,,,,,,,,,,,,,,,,,,,,,,,,,"12,50%",,,,,,,,,,,,,,,,,,,20,,,,,,,-,,,,,,,,,,"2000,00%",,,,,,,,,,,,,,,
1P,SLA Real Moweis,%,maior - melhor,-%,"100,00%",-%,"100,00%","100,00%","66,67%","100,00%","73,33%","50,00%","80,00%","100,00%","84,62%","76,92%","100,00%","100,00%","88,89%","100,00%","100,00%","100,00%","87,50%","100,00%","92,59%","100,00%","81,82%","100,00%","100,00%","92,86%","0,00%","100,00%","71,43%","88,89%","77,78%","75,00%","66,67%","86,67%","83,33%","80,00%","100,00%","75,00%","50,00%","100,00%","11,11%","62,50%","100,00%","77,78%","50,00%","77,78%","88,89%","25,00%","100,00%","73,68%","100,00%","33,33%","88,89%","100,00%","92,31%","85,71%","100,00%","81,48%","92,86%","85,71%","100,00%","100,00%","100,00%","100,00%","100,00%","100,00%","100,00%","100,00%",-%,-%,-%,,,,,,,,,,,,,,,,,,,,,,,,,,,,,,,,,-,,"85,00%","76,47%","83,33%","95,45%","93,18%","92,31%","85,71%","81,25%","70,91%","69,77%","79,07%","66,67%","90,00%","86,21%","100,00%","100,00%",-%,,,,,,,,-,,"74,44%","91,89%",,"81,60%","93,65%","79,29%","71,84%","92,07%","100,00%",,,,,,,,,,,,,,,
,Notas com Atraso,#,menor - melhor,,,,,,4,,4,2,2,,2,3,0,0,0,0,0,0,1,0,1,0,2,0,0,1,1,0,2,1,2,2,2,2,2,1,0,3,2,0,8,3,0,2,4,2,1,6,0,5,0,2,1,0,1,1,,,,2,0,0,0,0,0,0,0,0,10,0,0,,,,,,,,,,,,,,,,,,,,,,,,,,,,,,,,,-,,,,,,,,,,,,,,,,,"100,00%",,,,,,,,,-,,,,,,,,,,"100,00%",,,,,,,,,,,,,,,
1P,SLA Tarcis Marques,%,maior - melhor,-%,"100,00%","100,00%","75,00%","91,67%","75,00%","61,90%","75,00%","74,07%",-%,"64,00%","46,67%","75,00%","40,74%","100,00%","62,50%","25,00%","80,00%","58,82%","50,00%","71,43%",-%,"66,67%","36,36%",-%,-%,-%,"0,00%","0,00%",,,,,,,,,,,,,,,,,,,,,,,,,,,,,,,,,,,,,,,,,,,,,,,,,,,,,,,,,,,,,,,,,,,,,,,,,,,,-,,"76,04%","77,50%","62,50%","48,72%","56,10%","50,00%","0,00%",,,,,,,,,"100,00%",,,,,,,,,-,,"60,54%",,,"72,01%","51,61%","0,00%",,,"100,00%",,,,,,,,,,,,,,,
,Notas com Atraso,#,menor - melhor,,,,,1,4,7,3,7,,9,8,1,16,0,3,2,1,7,2,2,0,2,4,0,-,-,9,0,,,,,,,,,,,,,,,,,,,,,,,,,,,,,,,,,,,,,,,,,,,,,,,,,,,,,,,,,,,,,,,,,,,,,,,,,,,,-,,,,,,,,,,,,,,,,,"100,00%",,,,,,,,,-,,,,,,,,,,"100,00%",,,,,,,,,,,,,,,
1P,SLA LOGME (LIFE AMBIENTAL),%,maior - melhor,-%,"100,00%","100,00%","84,21%","92,00%","75,00%","80,00%","64,71%","55,56%","50,00%","71,79%","57,89%","51,35%","80,65%","77,55%","70,59%","80,00%","74,29%","90,70%","89,74%","81,48%","80,65%","68,57%","75,00%","58,33%","86,21%","58,54%","78,57%","89,47%","97,30%","72,22%","83,87%","76,92%","84,21%","83,33%","94,12%","100,00%","88,46%","79,55%","78,13%","77,78%","79,17%","86,67%","95,24%","95,24%","81,82%","80,95%","91,30%","96,30%","77,50%","78,69%","88,89%",-%,"85,48%","88,89%","73,47%","80,85%","87,23%","83,87%","90,91%","87,50%","95,65%","100,00%","97,30%","96,15%","95,83%","96,77%","84,00%","86,67%","100,00%","100,00%","97,22%","92,00%","90,00%","94,12%","100,00%","93,75%","96,30%",,,,,,,,,,,,,,,,,,,,,,,,,,,"2,72%",,"77,14%","67,16%","60,14%","76,07%","86,71%","75,32%","78,40%","82,93%","89,52%","83,25%","86,62%","82,48%","81,19%","87,30%","96,97%","92,13%","95,10%","97,44%",,,,,,,"2,46%",,"86,08%","91,55%",,"68,15%","79,37%","83,62%","84,12%","88,49%","94,89%",,,,,,,,,,,,,,,
,Notas com Atraso,#,menor - melhor,,,,3,2,8,7,6,16,5,11,8,18,6,7,4,4,9,4,4,5,6,11,13,5,4,17,6,4,1,5,5,9,6,7,4,0,9,9,7,8,10,6,2,1,6,4,4,1,9,13,1,-,9,4,13,9,,,,3,1,0,1,1,1,1,4,4,0,0,1,2,2,1,0,1,1,,,,,,,,,,,,,,,,,,,,,,,,,,,"0,00%",,,,,,,,,,,,,,,,,,,1,,,,,,,-,,,,,,,,,,"100,00%",,,,,,,,,,,,,,,
1P,SLA KMAN,%,maior - melhor,-%,"100,00%","100,00%","100,00%","100,00%","100,00%","92,31%","80,95%","93,75%","92,31%","80,00%",w,"73,33%","70,00%","78,57%","85,71%","100,00%","80,00%","85,71%","66,67%","41,18%","33,33%","66,67%","50,00%","57,14%","33,33%","72,22%","68,18%","81,82%","80,00%","87,50%","64,71%","70,83%","95,24%","87,50%","88,89%","100,00%","100,00%","100,00%","100,00%","100,00%","100,00%","81,82%","93,75%","100,00%","87,50%","100,00%","77,78%","100,00%","85,71%","100,00%",-%,"91,67%","80,00%","93,75%","92,86%","100,00%","100,00%","100,00%","100,00%","100,00%","100,00%","90,00%","100,00%","100,00%","100,00%","100,00%","95,45%","100,00%","100,00%","100,00%","100,00%","100,00%","100,00%","100,00%","100,00%","92,86%","100,00%",,,,,,,,,,,,,,,,,,,,,,,,,,,"7,69%",,"94,12%","87,88%","85,51%","84,93%","55,10%","52,50%","77,78%","79,75%","98,39%","94,74%","93,62%","93,33%","91,38%","100,00%","98,53%","98,39%","100,00%","97,56%",,,,,,,"-2,44%",,"95,38%","99,26%",,"89,17%","64,18%","85,31%","93,90%","96,64%","98,65%",,,,,,,,,,,,,,,
,Notas com Atraso,#,menor - melhor,,,,,,,1,4,1,1,1,3,4,3,1,1,0,2,2,1,10,8,7,10,6,4,5,7,2,2,1,6,7,1,1,1,0,0,0,0,0,0,2,1,0,1,0,2,0,2,0,-%,1,2,1,1,0,,,,0,0,1,0,0,0,0,1,0,0,0,0,0,0,0,0,1,0,,,,,,,,,,,,,,,,,,,,,,,,,,,"-100,00%",,,,,,,,,,,,,,,,,,,0,,,,,,,-,,,,,,,,,,,,,,,,,,,,,,,,,
1P,SLA Outeletro,%,maior - melhor,-%,"100,00%","100,00%","80,00%","96,55%","100,00%","100,00%","82,50%","85,71%",-%,"87,50%","82,61%","84,21%","83,87%","85,19%","89,47%","73,33%","92,59%","93,33%","100,00%","87,50%","85,00%","82,35%","85,71%","84,21%","78,57%","85,71%","87,50%","90,91%","85,71%","75,00%","85,71%","73,33%","70,83%","65,00%","91,30%","80,00%","85,00%","74,07%","57,14%","22,22%","85,37%","84,38%","92,59%","100,00%","73,08%","94,12%","96,43%","28,57%","85,71%","85,71%","100,00%","77,78%","66,67%","94,74%","96,43%","85,71%","93,94%","96,15%","75,00%","81,48%","60,00%","87,50%","100,00%","88,46%","100,00%","90,00%","98,00%","85,00%","92,86%","46,15%","93,33%","75,00%","66,67%","90,32%","96,43%","100,00%","70,73%",,,,,,,,,,,,,,,,,,,,,,,,,,,"-29,27%",,"89,93%","89,80%","83,93%","88,57%","93,24%","82,35%","85,44%","74,71%","80,81%","70,92%","90,63%","86,21%","89,11%","88,24%","88,43%","93,81%","74,40%","92,31%",,,,,,,"24,07%",,"79,67%","85,58%",,"87,89%","88,05%","80,32%","82,59%","88,59%","86,84%",,,,,,,,,,,,,,,
,Notas com Atraso,#,menor - melhor,,,,2,1,,,7,3,,6,4,3,5,5,0,1,2,1,-,1,3,3,3,3,6,3,3,1,2,6,3,4,7,7,2,4,3,7,9,21,6,5,2,0,7,1,1,5,1,4,0,2,5,2,1,2,,,,5,8,3,0,3,0,1,1,3,1,7,2,13,10,3,1,0,12,,,,,,,,,,,,,,,,,,,,,,,,,,,-,,,,,,,,,,,,,,,,,,,3,,,,,,,-,,,,,,,,,,,,,,,,,,,,,,,,,
,SLA Ponto Mix (AGMX),%,maior - melhor,-%,"100,00%","100,00%","81,25%","78,95%","93,33%","100,00%","89,47%","68,75%","82,61%","81,82%","86,67%","50,00%","66,67%","100,00%","42,11%","90,91%",-%,"87,50%","73,91%","75,00%","77,27%","63,16%","47,83%","97,06%","86,67%",100%,"80,00%","100,00%","86,36%","75,00%","100,00%","84,00%","100,00%","100,00%","82,61%","100,00%","76,00%","95,83%","87,10%","100,00%","84,62%","85,71%","77,27%","87,50%","94,12%","82,35%","90,48%","86,36%","72,73%","78,57%",-%,-%,"58,33%","84,62%","67,86%","78,38%","100,00%","92,31%","50,00%","85,00%","71,43%","100,00%","95,83%","100,00%","100,00%","100,00%","92,86%","100,00%","100,00%","100,00%","100,00%","90,00%","96,00%","96,15%","100,00%","100,00%","83,33%",,,,,,,,,,,,,,,,,,,,,,,,,,,"-16,67%",,"84,03%","87,50%","82,76%","63,24%","74,71%","75,82%","86,44%","76,92%","86,96%","85,11%","89,23%","80,65%","74,44%","89,66%","96,81%","98,39%","96,59%","98,44%",,,,,,,"1,92%",,"84,51%","92,39%",,"84,76%","71,26%","83,44%","85,00%","86,97%","97,81%",,,,,,,,,,,,,,,
,Notas com Atraso,#,menor - melhor,,,,3,4,1,,2,5,4,6,2,1,6,5,1,1,-%,2,6,3,5,7,12,1,2,0,4,0,3,1,0,4,0,0,4,0,6,1,4,0,4,2,5,1,1,3,2,3,3,6,-,-,10,4,9,8,,,,3,2,0,1,0,0,0,1,0,0,0,0,2,1,1,0,0,1,,,,,,,,,,,,,,,,,,,,,,,,,,,-,,,,,,,,,,,,,,,,,,,1,,,,,,,-,,,,,,,,,,,,,,,,,,,,,,,,,
,SLA ORC MOVEIS E EL ( Comercial Agrov),%,maior - melhor,-%,-%,-%,-%,-%,"85,71%","88,00%","70,00%","86,36%","57,14%","89,47%","71,43%","63,64%","63,64%","70,00%","50,00%","25,00%","57,14%","60,00%","50,00%","72,73%","46,67%","60,00%","83,33%","57,14%","100,00%","30,77%","50,00%","16,67%",-%,"16,67%","42,42%","61,90%","81,48%","50,00%","80,00%","78,57%",-%,"84,85%","100,00%","80,00%","54,55%","79,17%","66,67%","0,00%","57,58%","88,89%","93,10%","93,33%","100,00%","89,29%","100,00%",-%,"71,43%","100,00%","87,50%","72,22%","100,00%","90,00%","100,00%","100,00%","100,00%","94,12%","100,00%","100,00%","100,00%","95,00%","100,00%","94,12%","100,00%","92,31%","100,00%","100,00%","100,00%","100,00%","100,00%","100,00%","100,00%",,,,,,,,,,,,,,,,,,,,,,,,,,,"0,00%",,"82,46%","86,96%","72,22%","58,18%","55,17%","62,16%","22,22%","58,33%","80,00%","72,22%","73,97%","94,44%","78,46%","96,77%","98,51%","96,92%","98,33%","100,00%",,,,,,,"1,70%",,"80,12%","95,19%",,"80,55%","58,50%","53,52%","80,21%","91,25%","98,42%",,,,,,,,,,,,,,,
,Notas com Atraso,#,menor - melhor,0,0,0,0,0,2,3,3,3,3,2,2,4,4,6,6,1,3,2,7,3,8,6,1,3,0,9,4,10,0,5,19,8,5,1,2,6,1,5,0,3,10,5,1,2,14,1,2,1,0,3,0,0,6,0,2,5,,,,0,0,1,0,0,0,1,0,1,0,1,0,0,0,0,0,0,0,,,,,,,,,,,,,,,,,,,,,,,,,,,-,,,,,,,,,,,,,,,,,,,0,,,,,,,-,,,,,,,,,,,,,,,,,,,,,,,,,
,SLA E S L KOSLYK CO (Ebenezer),%,maior - melhor,-%,-%,-%,-%,-%,-%,-%,-%,-%,-%,-%,-%,-%,-%,-%,-%,-%,-%,-%,-%,-%,"100,00%","87,50%","90,00%","100,00%",-%,"100,00%",-%,"100,00%","91,67%","100,00%","100,00%","100,00%","100,00%",-%,"90,91%",-%,"100,00%","100,00%","100,00%","100,00%","90,91%","75,00%","100,00%","69,23%","88,89%","100,00%","100,00%","100,00%","100,00%","100,00%",-%,"33,33%","65,38%","100,00%","100,00%","83,33%","0,00%","63,64%","100,00%","100,00%","50,00%","90,00%","100,00%","63,64%","100,00%","88,89%","92,86%",-%,"100,00%","100,00%","100,00%","80,00%","62,50%","55,56%","100,00%","77,78%","100,00%",,,,,,,,,,,,,,,,,,,,,,,,,,,"28,57%",,-%,-%,-%,-%,"100,00%","74,29%","87,50%","100,00%","97,30%","89,47%","78,13%","100,00%","71,93%","62,50%","68,63%","87,50%","80,56%","76,67%",,,,,,,"-4,83%",,"92,31%","75,27%",,-%,"87,15%","94,93%","89,20%","67,69%","81,58%",,,,,,,,,,,,,,,
,Notas com Atraso,#,menor - melhor,0,0,0,0,0,0,0,0,0,0,0,0,0,0,0,0,0,0,0,0,0,0,1,1,0,-,0,0,0,0,0,0,0,0,0,1,0,0,0,0,0,1,0,0,4,1,0,0,0,0,0,-%,2,9,0,0,2,,,,0,7,1,0,4,0,1,1,0,0,0,0,1,3,4,0,2,0,,,,,,,,,,,,,,,,,,,,,,,,,,,"-100,00%",,0,0,0,0,0,,,,,,,,,,,,,4,,,,,,,-,,0,,,,,,,,"400,00%",,,,,,,,,,,,,,,
,SLA JEV,%,maior - melhor,,,,,,,,,,,,,,,,,,,-%,"50,00%",-%,-%,-%,-%,"100,00%","100,00%",-%,"100,00%","100,00%",-%,"100,00%","100,00%","100,00%","100,00%","100,00%","100,00%",-%,"50,00%","100,00%","100,00%","100,00%","100,00%",-%,-%,"100,00%",-%,-%,-%,"100,00%","100,00%","0,00%",-%,-%,"100,00%","66,67%","50,00%",-,"100,00%","100,00%","0,00%","66,67%",-%,-%,"100,00%","100,00%","100,00%",-%,"50,00%","100,00%",-%,"66,67%",-%,"100,00%","100,00%",-%,"100,00%","100,00%",-%,,,,,,,,,,,,,,,,,,,,,,,,,,,-,,-%,-%,-%,"80,00%","75,00%","100,00%","100,00%","100,00%","85,71%","100,00%","100,00%","50,00%","71,43%","81,82%","100,00%","66,67%","85,71%","100,00%",,,,,,,"16,67%",,"86,96%","80,65%",,-%,"85,00%","95,24%","83,33%","84,42%","84,13%",,,,,,,,,,,,,,,
,Notas com Atraso,%,menor - melhor,,,,,,,,,,,,,,,,,,,,1,0,0,0,0,0,0,0,0,0,0,0,0,0,0,0,0,0,1,0,0,0,0,0,0,0,0,0,0,0,0,2,-%,-,0,1,1,-,,,,1,0,-,0,0,0,0,1,0,0,1,0,0,0,-,0,0,-%,,,,,,,,,,,,,,,,,,,,,,,,,,,-,,,,,,,,,,,,,,,,,,,-,,,,,,,-,,,,,,,,,,,,,,,,,,,,,,,,,
,SLA Outlet D Tudo,%,maior - melhor,,,,,,,,,,,,,,,,,,,,,,,,,,,,-%,-%,-%,-%,-%,-%,-%,"100,00%","100,00%","100,00%",-%,"100,00%",-%,-%,"50,00%","100,00%","100,00%","100,00%",-%,-%,"100,00%",-%,"100,00%","100,00%","100,00%","100,00%","100,00%","100,00%","0,00%","100,00%",-,"100,00%",-%,"66,67%","100,00%",-%,"83,33%",-%,"33,33%",-%,"100,00%",-%,"100,00%",-%,-%,"50,00%",-%,"100,00%",-%,-%,-%,,,,,,,,,,,,,,,,,,,,,,,,,,,-,,-%,-%,-%,-%,-%,-%,-%,"100,00%","100,00%","92,86%","100,00%","100,00%","95,65%","84,62%","80,00%","75,00%","50,00%","40,00%",,,,,,,"-20,00%",,"98,08%","80,00%",,-%,-%,-%,"97,62%","86,76%","55,00%",,,,,,,,,,,,,,,
,Notas com Atraso,%,menor - melhor,,,,,,,,,,,,,,,,,,,,,,,,,,,,0,0,0,0,0,0,0,0,0,0,0,0,0,0,1,0,0,0,0,0,0,0,0,0,0,0,0,0,1,0,,,,2,0,-,1,-,4,0,0,0,0,0,0,1,-,0,-,-%,-%,,,,,,,,,,,,,,,,,,,,,,,,,,,-,,,,,,,,,,,,,,,,,,,0,,,,,,,-,,,,,,,,,,,,,,,,,,,,,,,,,
,SLA Topa Tudo ,%,maior - melhor,,,,,,,,,,,,,,,,,,,,,,,,,,,,-%,-%,-%,-%,-%,-%,-%,-%,-%,-%,-%,-%,"100,00%","100,00%","100,00%","100,00%","100,00%","100,00%","100,00%","100,00%","100,00%","100,00%","100,00%","100,00%","100,00%","100,00%","100,00%","100,00%","100,00%","100,00%","100,00%","100,00%","100,00%","100,00%","93,33%","100,00%","100,00%","100,00%","100,00%","100,00%","92,31%","100,00%","100,00%","100,00%","100,00%","100,00%","100,00%","100,00%","100,00%","100,00%","100,00%",,,,,,,,,,,,,,,,,,,,,,,,,,,"0,00%",,-%,-%,-%,-%,-%,-%,-%,-%,"100,00%","100,00%","100,00%","100,00%","100,00%","100,00%","98,48%","98,39%","100,00%","100,00%",,,,,,,"0,00%",,"100,00%","99,23%",,-%,-%,-%,"100,00%","99,49%","99,46%",,,,,,,,,,,,,,,
,Notas com Atraso,,menor - melhor,,,,,,,,,,,,,,,,,,,,,,,,,,,,0,0,0,0,0,0,0,0,0,0,0,0,0,0,0,0,0,0,0,0,0,0,0,0,0,0,0,0,0,0,,,,0,1,0,0,0,0,0,1,0,0,0,0,0,0,0,0,0,0,,,,,,,,,,,,,,,,,,,,,,,,,,,-,,,,,,,,,,,,,,,,,,,0,,,,,,,-,,,,,,,,,,,,,,,,,,,,,,,,,
,SLA MEGA MULTI OUTLET,%,maior - melhor,,,,,,,,,,,,,,,,,,,,,,,,,,,,,,,-%,-%,-%,-%,-%,-%,-%,-%,-%,-%,-%,-%,-%,"100,00%","50,00%","100,00%","75,00%","77,78%","100,00%","100,00%","100,00%","100,00%","100,00%","100,00%","100,00%","100,00%","75,00%","100,00%","100,00%","83,33%","100,00%","100,00%","100,00%","100,00%","100,00%","100,00%","100,00%","100,00%","100,00%",-%,"100,00%","100,00%","100,00%","100,00%","100,00%","100,00%","100,00%","100,00%",,,,,,,,,,,,,,,,,,,,,,,,,,,"0,00%",,-%,-%,-%,-%,-%,-%,-%,-%,-%,"100,00%","81,48%","100,00%","95,45%","94,44%","94,74%","100,00%","100,00%","100,00%",,,,,,,"0,00%",,"89,13%","97,06%",,-%,-%,-%,"93,83%","94,88%","100,00%",,,,,,,,,,,,,,,
,Notas com Atraso,,menor - melhor,,,,,,,,,,,,,,,,,,,,,,,,,,,,,,,0,0,0,0,0,0,0,0,0,0,0,0,0,0,2,0,1,2,0,0,0,0,0,0,0,0,1,,,,0,0,0,0,0,0,0,0,0,0,0,0,0,0,0,0,0,0,,,,,,,,,,,,,,,,,,,,,,,,,,,-,,,,,,,,,,,,,,,,,,,0,,,,,,,-,,,,,,,,,,,,,,,,,,,,,,,,,
,SLA MOVEIS CAMILO,%,maior - melhor,,,,,,,,,,,,,,,,,,,,,,,,,,,,,,,,,,,,,,,,,,,,,,,,,-,-,-,-,-,-,-,-,-,-,"100,00%","100,00%","100,00%","100,00%","100,00%","100,00%","90,41%","100,00%",-%,"100,00%","100,00%",-%,-%,"100,00%","100,00%","100,00%",-%,"100,00%","100,00%","100,00%",,,,,,,,,,,,,,,,,,,,,,,,,,,"0,00%",,-%,-%,-%,-%,-%,-%,-%,-%,-%,,,,"0,0%","100,00%","100,00%","100,00%","100,00%","100,00%",,,,,,,"0,00%",,-%,"100,00%",,,,,,"66,67%","100,00%",,,,,,,,,,,,,,,
,Notas com Atraso,,menor - melhor,,,,,,,,,,,,,,,,,,,,,,,,,,,,,,,,,,,,,,,,,,,,,,,,,-,-,-,-,-,-,-,-,-,-,-,-,0,0,0,0,1,0,0,0,0,0,0,0,0,0,-,0,0,0,,,,,,,,,,,,,,,,,,,,,,,,,,,-,,,,,,,,,,,,,,-%,,,,,-,,,,,,,-,,-%,,,,,,,,,,,,,,,,,,,,,,,
SLA MOVEIS CAMILO,SLA Eletroshow,%,maior - melhor,,,,,,,,,,,,,,,,,,,,,,,,,,,,,,,,,,,,,,,,,,,,,,,,,-,-,-,-,-,-,-,-,-,-,-,-,-,-,"100,00%","100,00%","87,50%","100,00%","100,00%","72,73%",-%,"92,86%",-%,"76,92%","100,00%","0,00%","87,50%","100,00%","100,00%","100,00%",,,,,,,,,,,,,,,,,,,,,,,,,,,"0,00%",,-%,-%,-%,-%,-%,-%,-%,-%,-%,-%,-%,-%,"30,0%","-100,0%","96,97%","85,00%","80,00%","96,43%",,,,,,,"20,54%",,-%,"87,76%",,,,,,"8,99%","87,14%",,,,,,,,,,,,,,,
Notas com Atraso,Notas com Atraso,,menor - melhor,,,,,,,,,,,,,,,,,,,,,,,,,,,,,,,,,,,,,,,,,,,,,,,,,-,-,-,-,-,-,-,-,-,-,-,-,-,-,0,0,1,0,0,3,0,1,0,3,0,-,1,"0,00%",0,0,,,,,,,,,,,,,,,,,,,,,,,,,,,-,,,,,,,,,,,,,,,,,,,1,,,,,,,-,,-%,,,,,,,,"100,00%",,,,,,,,,,,,,,,
,SLA Almeida (SEBASTIAO FIRMI),%,maior - melhor,,,,,,,,,,,,,,,,,,,,,,,,,,,,,,,,,,,,,,,,,,,,,,,,,,,,,,,,,,,,,,,,,,,,-,-,-%,"100,00%","100,00%","100,00%","100,00%","100,00%","100,00%","100,00%",-%,,,,,,,,,,,,,,,,,,,,,,,,,,,-,,,,,,,,,,,,,,"0,0%","0,0%","0,0%","0,0%","100,00%","100,00%",,,,,,,"0,00%",,-%,"100,00%",,,,,,-,"66,67%",,,,,,,,,,,,,,,
,Notas com Atraso,,menor - melhor,,,,,,,,,,,,,,,,,,,,,,,,,,,,,,,,,,,,,,,,,,,,,,,,,,,,,,,,,,,,,,,,,,,,,,,0,0,0,0,0,"0,00%",0,-%,,,,,,,,,,,,,,,,,,,,,,,,,,,-,,,,,,,,,,,,,,,,,,,0,,,,,,,-,,,,,,,,,,,,,,,,,,,,,,,,,
,SLA Pontasso Saldão (TRINDADE & CUBA),%,maior - melhor,,,,,,,,,,,,,,,,,,,,,,,,,,,,,,,,,,,,,,,,,,,,,,,,,,,,,,,,,,,,,,,,,,,,-,-,-%,"75,00%","100,00%","100,00%","100,00%","100,00%","100,00%","100,00%","90,00%",,,,,,,,,,,,,,,,,,,,,,,,,,,"-10,00%",,,,,,,,,,,,,,"0,0%","0,0%","0,0%","0,0%","94,44%","100,00%",,,,,,,"5,89%",,-%,"94,74%",,,,,,-,"64,81%",,,,,,,,,,,,,,,
,Notas com Atraso,%,menor - melhor,,,,,,,,,,,,,,,,,,,,,,,,,,,,,,,,,,,,,,,,,,,,,,,,,,,,,,,,,,,,,,,,,,,,,,,1,0,0,0,0,0,0,1,,,,,,,,,,,,,,,,,,,,,,,,,,,-,,,,,,,,,,,,,,,,,,,0,,,,,,,-,,,,,,,,,,,,,,,,,,,,,,,,,
,SLA TANIA AOKI OUTL,%,maior - melhor,,,,,,,,,,,,,,,,,,,,,,,,,,,,,,,,,,,,,,,,,,,,,,,,,,,,,,,,,,,,,,,,,,,,-,-,-%,"100,00%",-%,-%,-%,-%,"100,00%","100,00%","100,00%",,,,,,,,,,,,,,,,,,,,,,,,,,,"0,00%",,,,,,,,,,,,,,-,-,-,-,"100,00%","100,00%",,,,,,,"0,00%",,-%,"100,00%",,,,,,-,"100,00%",,,,,,,,,,,,,,,
,Notas com Atraso,%,menor - melhor,,,,,,,,,,,,,,,,,,,,,,,,,,,,,,,,,,,,,,,,,,,,,,,,,,,,,,,,,,,,,,,,,,,,-,-,-,0,-,-,-,-,0,0,0,,,,,,,,,,,,,,,,,,,,,,,,,,,-,,,,,,,,,,,,,,,,,,,,,,,,,,,,,,,,,,,,,,,,,,,,,,,,,,,
,SLA Di Casa (51.202.932 FRAN),%,maior - melhor,,,,,,,,,,,,,,,,,,,,,,,,,,,,,,,,,,,,,,,,,,,,,,,,,,,,,,,,,,,,,,,,,,,,-,-,-%,-%,-%,-%,-%,-%,-%,-%,"100,00%",,,,,,,,,,,,,,,,,,,,,,,,,,,-,,,,,,,,,,,,,,-,-,-,-,-,,,,,,,,,,,,,,,,,,,,,,,,,,,,,,,,,
,Notas com Atraso,%,menor - melhor,,,,,,,,,,,,,,,,,,,,,,,,,,,,,,,,,,,,,,,,,,,,,,,,,,,,,,,,,,,,,,,,,,,,-,-,-,-,-,-,-,-,-,-,0,,,,,,,,,,,,,,,,,,,,,,,,,,,,,,,,,,,,,,,,,-,-,-,-,-,,,,,,,,,,,,,,,,,,,,,,,,,,,,,,,,,
,Agendamento de coletas ,%,maior - melhor,,,,,,,,,,,,,,,,,,,,,,,,,,,,,,,,,,,,,,,,,,,,,,,,,,,,,,,,,,,,,,,,,,,,,,,,,,,,,,,,,,,,,,,,,,,,,,,,,,,,,,,,,,,,,,,,,,,,,,,,,,,,,,,,,,,,,,,,,,,,,,,,,,,,,,,,,,,,
, % coletas com agendamento sistêmico,%,maior - melhor,,,,,,,,,,,,,,,,,,,,,,,"16,94%","15,81%","16,04%","14,39%","20,69%","35,66%","52,15%","45,79%","47,52%","63,95%","64,74%","59,35%","68,93%","61,32%","57,46%","45,63%","45,95%","56,59%","58,10%","76,81%","83,78%","79,21%","89,42%","89,44%","96,08%","95,01%","94,22%","89,29%","95,51%","95,85%","89,13%","92,69%","98,15%","96,91%","97,45%","98,73%","98,44%","97,99%","97,56%","98,74%","98,38%","97,60%","97,26%","94,54%","97,59%","98,17%","98,61%","98,18%","99,18%","96,11%","97,24%","97,97%","96,39%","94,38%","93,68%","95,33%",,,,,,,,,,,,,,,,,,,,,,,,,,,"1,76%",,"41,13%","45,63%","34,75%","23,39%","18,65%","15,72%","40,75%","59,99%","50,35%","62,66%","91,16%","93,49%","95,26%","97,76%","95,87%","97,98%","97,41%","94,93%",,,,,,,"-2,55%",,"68,65%","98,87%",,"40,50%","19,25%","50,36%","82,44%","96,30%","96,77%",,,,,,,,,,,,,,,
,Safari,%,maior - melhor,,,,,,,,,,,,,,,,,,,,,,,,,,,,,,,-%,-%,-%,-%,-%,"62,90%","36,77%","32,46%","33,19%","56,59%","42,60%","88,17%","87,70%","66,98%","94,58%","98,32%","98,54%","99,58%","99,59%","99,38%","99,59%","100,00%","100,00%","98,38%","100,00%","100,00%","99,48%","99,60%","100,00%","98,81%","100,00%","100,00%","99,55%","100,00%","100,00%","99,49%","100,00%","99,64%","100,00%","100,00%","100,00%","99,13%","97,86%","100,00%","99,63%","99,25%","96,85%","88,59%",,,,,,,,,,,,,,,,,,,,,,,,,,,"-8,53%",,,,,,,,,,,,"98,43%","99,59%","99,24%","99,79%","99,73%","99,70%","99,42%","98,73%",,,,,,,"-0,69%",,,,,,,,,"99,59%","99,28%",,,,,,,,,,,,,,,
,Saldão,%,maior - melhor,,,,,,,,,,,,,,,,,,,,,,,,,,,,,,,-%,-%,-%,-%,-%,"100,00%","100,00%","90,32%","98,11%","78,57%","100,00%","97,92%","98,39%","97,30%","95,45%","94,92%","97,96%","97,06%","100,00%","95,56%","98,57%","100,00%",-,"100,00%","98,61%","100,00%","100,00%","98,46%","96,23%","98,36%","98,41%","100,00%","100,00%","98,39%","92,00%","96,30%","100,00%","100,00%","100,00%","100,00%","100,00%","100,00%","100,00%","100,00%","100,00%","100,00%","100,00%","100,00%",,,,,,,,,,,,,,,,,,,,,,,,,,,"0,00%",,,,,,,,,,,,"96,26%","99,29%","99,64%","97,98%","97,40%","99,64%","100,00%","100,00%",,,,,,,"0,00%",,,,,,,,,"98,34%","99,88%",,,,,,,,,,,,,,,
,Movel Service,%,maior - melhor,,,,,,,,,,,,,,,,,,,,,,,,,,,,,,,-%,-%,-%,-%,-%,"95,29%","85,92%","54,24%","79,38%","87,80%","89,55%","90,36%","98,46%","97,30%","81,82%","80,65%","98,25%","93,33%","98,41%","81,48%","95,69%","95,92%","97,73%","100,00%","100,00%","100,00%","100,00%","100,00%","98,41%","100,00%","96,77%","97,73%","100,00%","98,08%","95,38%","100,00%","100,00%","95,60%","100,00%","100,00%","100,00%","100,00%","97,87%","98,75%","100,00%","98,65%","100,00%","98,68%",,,,,,,,,,,,,,,,,,,,,,,,,,,"-1,32%",,,,,,,,,,,,"87,58%","95,81%","100,00%","98,32%","97,87%","98,79%","99,11%","99,51%",,,,,,,"0,40%",,,,,,,,,"98,73%","99,14%",,,,,,,,,,,,,,,
,Real Moweis,%,maior - melhor,,,,,,,,,,,,,,,,,,,,,,,,,,,,,,,-%,-%,-%,-%,-%,-%,-%,-%,"66,67%","8,33%",-%,-%,"87,50%","100,00%","100,00%","50,00%","18,00%","88,89%","75,00%","66,67%","73,68%","60,00%",-,"77,78%","85,71%","100,00%","57,14%","100,00%","96,30%","71,43%","50,00%","83,33%","90,00%","83,33%","84,62%","85,71%","94,74%","100,00%","100,00%",-%,-%,-%,-%,-%,-%,-%,-%,,,,,,,,,,,,,,,,,,,,,,,,,,,,-,,,,,,,,,,,,"69,45%","70,18%","80,00%","77,59%","82,98%","96,55%",-,-%,,,,,,,-,,,,,,,,,"80,19%","96,55%",,,,,,,,,,,,,,,
,LOGME (LIFE AMBIENTAL),%,maior - melhor,,,,,,,,,,,,,,,,,,,,,,,,,,,,,,,-%,-%,-%,-%,-%,"7,25%","4,17%","32,53%","11,76%","7,89%","5,56%","25,00%","6,67%","73,81%","95,24%","69,70%","61,90%","93,48%","88,89%","90,00%","91,80%","100,00%",-,"98,39%","88,89%","85,71%","89,36%","95,74%","90,32%","81,82%","83,33%","100,00%","88,24%","86,49%","88,46%","91,67%","90,32%","96,00%","91,89%","100,00%","100,00%","97,22%","100,00%","100,00%","100,00%","100,00%","100,00%","100,00%",,,,,,,,,,,,,,,,,,,,,,,,,,,"0,00%",,,,,,,,,,,,"81,59%","90,90%","90,15%","89,68%","90,15%","93,70%","98,60%","100,00%",,,,,,,"1,42%",,,,,,,,,"89,99%","97,43%",,,,,,,,,,,,,,,
,KMAN,%,maior - melhor,,,,,,,,,,,,,,,,,,,,,,,,,,,,,,,-%,-%,-%,-%,-%,-%,-%,-%,-%,-%,-%,"25,00%","81,82%","93,75%","94,74%","100,00%","100,00%","100,00%","100,00%","92,86%","100,00%",-,"100,00%","100,00%","100,00%","92,86%","100,00%","100,00%","100,00%","100,00%","100,00%","100,00%","100,00%","100,00%","100,00%","100,00%","100,00%","100,00%","100,00%","100,00%","100,00%","100,00%","93,75%","91,67%","100,00%","100,00%","100,00%","100,00%",,,,,,,,,,,,,,,,,,,,,,,,,,,"0,00%",,,,,,,,,,,,"100,00%","100,00%","98,28%","100,00%","100,00%","100,00%","96,43%","100,00%",,,,,,,"3,70%",,,,,,,,,"99,43%","98,81%",,,,,,,,,,,,,,,
,Outeletro,%,maior - melhor,,,,,,,,,,,,,,,,,,,,,,,,,,,,,,,-%,-%,-%,-%,-%,"95,65%","95,00%","90,48%","81,48%","100,00%","96,30%","97,56%","96,88%","96,30%","100,00%","88,46%","100,00%","100,00%","100,00%","85,71%","100,00%","70,00%","33,33%","86,67%","100,00%","100,00%","100,00%","100,00%","100,00%","100,00%","100,00%","100,00%","100,00%","100,00%","96,15%","100,00%","100,00%","100,00%","100,00%","100,00%","100,00%","96,67%","100,00%","100,00%","96,77%","100,00%","100,00%","100,00%",,,,,,,,,,,,,,,,,,,,,,,,,,,"0,00%",,,,,,,,,,,,"100,00%","92,86%","92,08%","100,00%","99,17%","100,00%","99,20%","98,90%",,,,,,,"-0,30%",,,,,,,,,"97,08%","99,37%",,,,,,,,,,,,,,,
,Ponto Mix (AGMX),%,maior - melhor,,,,,,,,,,,,,,,,,,,,,,,,,,,,,,,-%,-%,-%,-%,-%,-%,-%,-%,-%,-%,-%,-%,"100,00%","95,45%","62,50%","88,24%","21,25%","85,71%","100,00%","63,64%","92,86%",-,-,"91,67%","100,00%","100,00%","100,00%","100,00%","100,00%","100,00%","100,00%","100,00%","100,00%","100,00%","94,44%","100,00%","100,00%","100,00%","100,00%","100,00%","100,00%","100,00%","95,00%","100,00%","100,00%","100,00%","100,00%","100,00%",,,,,,,,,,,,,,,,,,,,,,,,,,,"0,00%",,,,,,,,,,,,"74,11%","92,86%","98,50%","100,00%","98,94%","100,00%","98,86%","100,00%",,,,,,,"1,15%",,,,,,,,,"99,15%","99,62%",,,,,,,,,,,,,,,
,ORC MOVEIS E EL ( Comercial Agrov),%,maior - melhor,,,,,,,,,,,,,,,,,,,,,,,,,,,,,,,-%,-%,-%,-%,-%,"100,00%","90,00%","100,00%","9,09%",-%,"93,33%","100,00%","87,50%","100,00%","100,00%","100,00%","88,89%","96,55%","80,00%","100,00%","100,00%","100,00%","100,00%","95,24%","100,00%","100,00%","100,00%","100,00%","100,00%","100,00%","100,00%","100,00%","100,00%","100,00%","100,00%","100,00%","100,00%","100,00%","94,12%","100,00%","84,62%","100,00%","100,00%","100,00%","90,91%","100,00%","100,00%","100,00%",,,,,,,,,,,,,,,,,,,,,,,,,,,"0,00%",,,,,,,,,,,,"98,28%","100,00%","98,46%","100,00%","100,00%","98,46%","96,67%","95,12%",,,,,,,"-1,60%",,,,,,,,,"99,49%","96,75%",,,,,,,,,,,,,,,
,E S L KOSLYK CO (Ebenezer),%,maior - melhor,,,,,,,,,,,,,,,,,,,,,,,,,,,,,,,-%,-%,-%,-%,-%,-%,-%,-%,"7,69%",-%,-%,"100,00%","87,50%",-%,"38,46%","22,22%",-%,"14,29%","0,00%","0,00%","0,00%",-,-,"7,69%","100,00%","25,00%","66,67%","100,00%","100,00%","100,00%","100,00%","92,86%","70,00%","100,00%","100,00%","100,00%","100,00%","100,00%","100,00%",-%,"92,31%","100,00%","100,00%","100,00%","100,00%","100,00%","100,00%","100,00%",,,,,,,,,,,,,,,,,,,,,,,,,,,"0,00%",,,,,,,,,,,,"22,22%","0,00%","26,32%","100,00%","92,16%","100,00%","97,22%","93,33%",,,,,,,"-4,00%",,,,,,,,,"72,83%","96,85%",,,,,,,,,,,,,,,
,JEV,%,maior - melhor,,,,,,,,,,,,,,,,,,,,,,,,,,,,,,,-%,-%,-%,-%,-%,-%,-%,"50,00%",-%,-%,-%,-%,-%,-%,"50,00%",-%,-%,-%,"0,00%","0,00%","0,00%",-,-,"0,00%","33,33%","50,00%",-,"33,33%","0,00%","100,00%","33,33%",-%,-%,"0,00%","100,00%",-%,-%,"100,00%",-%,-%,"100,00%",-%,-%,-%,-%,-%,"0,00%",-%,,,,,,,,,,,,,,,,,,,,,,,,,,,-,,,,,,,,,,,,"50,00%","0,00%","28,57%","45,45%","40,00%","33,33%","28,57%","0,00%",,,,,,,"-100,00%",,,,,,,,,"38,01%","20,63%",,,,,,,,,,,,,,,
,Outlet D Tudo,%,maior - melhor,,,,,,,,,,,,,,,,,,,,,,,,,,,,,,,-%,-%,-%,-%,-%,"100,00%","100,00%",-%,-%,-%,-%,-%,-%,-%,-%,-%,-%,-%,"0,00%","0,00%","80,00%","100,00%","100,00%","100,00%","100,00%","100,00%","100,00%",-,"100,00%",-%,"100,00%","50,00%",-%,"28,57%",-%,"100,00%",-%,"50,00%","100,00%",-%,-%,-%,-%,-%,-%,-%,-%,-%,,,,,,,,,,,,,,,,,,,,,,,,,,,-,,,,,,,,,,,,0,"40,00%","100,00%","100,00%","44,00%","58,33%","100,00%","50,00%",,,,,,,"-50,00%",,,,,,,,,"81,33%","69,44%",,,,,,,,,,,,,,,
,Topa Tudo ,%,maior - melhor,,,,,,,,,,,,,,,,,,,,,,,,,,,,,,,-%,-%,-%,-%,-%,-%,-%,-%,-%,"85,71%","100,00%","100,00%","100,00%","100,00%","100,00%","100,00%","100,00%","100,00%","100,00%","100,00%","100,00%","100,00%","100,00%","100,00%","100,00%","100,00%","100,00%","100,00%","100,00%","100,00%","100,00%","100,00%","100,00%","100,00%","100,00%","100,00%","100,00%","92,31%","100,00%","100,00%","90,91%","100,00%","100,00%",-%,"100,00%","94,44%","100,00%","100,00%",,,,,,,,,,,,,,,,,,,,,,,,,,,"0,00%",,,,,,,,,,,,"100,00%","100,00%","100,00%","100,00%","100,00%","98,39%","98,44%","98,21%",,,,,,,"-0,23%",,,,,,,,,"100,00%","98,35%",,,,,,,,,,,,,,,
,MEGA MULTI OUTLET,%,maior - melhor,,,,,,,,,,,,,,,,,,,,,,,,,,,,,,,-%,-%,-%,-%,-%,-%,-%,-%,-%,-%,-%,-%,-%,"100,00%","100,00%","90,00%","75,00%","100,00%","100,00%","100,00%","88,89%","100,00%","100,00%","85,71%","85,71%","100,00%","100,00%","83,33%","100,00%","100,00%","100,00%","66,67%","33,33%","100,00%","66,67%","100,00%","100,00%","100,00%","83,33%",-%,"88,89%","75,00%","33,33%","100,00%","50,00%","58,33%","66,67%","100,00%",,,,,,,,,,,,,,,,,,,,,,,,,,,"49,99%",,,,,,,,,,,,"95,00%","100,00%","90,91%","94,44%","73,68%","95,00%","75,86%","63,64%",,,,,,,"-16,11%",,,,,,,,,"86,34%","78,17%",,,,,,,,,,,,,,,
,MOVEIS CAMILO,%,maior - melhor,,,,,,,,,,,,,,,,,,,,,,,,,,,,,,,,,,,,,,,,,,,,,,,,,-,-,-,-,-,-,-,-,-,-,"100,00%","80,00%","100,00%","40,00%","100,00%","100,00%","100,00%","100,00%","100,00%","100,00%","100,00%","100,00%","100,00%","100,00%","100,00%","100,00%",-%,"100,00%","100,00%","100,00%",,,,,,,,,,,,,,,,,,,,,,,,,,,"0,00%",,-,-,-,-,-,-,-,-,-,-,-,-,-,"90,91%","80,00%","100,00%","100,00%","100,00%",,,,,,,"0,00%",,,,,,,,,"85,46%","100,00%",,,,,,,,,,,,,,,
,EletroShow,%,maior - melhor,,,,,,,,,,,,,,,,,,,,,,,,,,,,,,,,,,,,,,,,,,,,,,,,,-,-,-,-,-,-,-,-,-,-,-,-,-,-,-%,"33,33%",-%,-%,-%,"81,82%","100,00%","17,86%","100,00%","53,85%","100,00%","100,00%","50,00%","72,73%","100,00%","100,00%",,,,,,,,,,,,,,,,,,,,,,,,,,,"0,00%",,-,-,-,-,-,-,-,-,-,-,-,-,-,-,"3,13%","30,14%","76,00%","75,00%",,,,,,,"-1,32%",,,,,,,,,"3,13%","60,38%",,,,,,,,,,,,,,,
,Almeida (SEBASTIAO FIRMI),%,maior - melhor,,,,,,,,,,,,,,,,,,,,,,,,,,,,,,,,,,,,,,,,,,,,,,,,,,,,,,,,,,,,,,,,,,,,-%,-%,-%,"100,00%","66,67%","100,00%","100,00%",-%,"0,00%","0,00%",-%,,,,,,,,,,,,,,,,,,,,,,,,,,,-,,,,,,,,,,,,,,-,-,-,-,"88,89%","0,00%",,,,,,,"-100,00%",,,,,,,,,-,"44,45%",,,,,,,,,,,,,,,
,Pontasso Saldão (TRINDADE & CUBA),%,maior - melhor,,,,,,,,,,,,,,,,,,,,,,,,,,,,,,,,,,,,,,,,,,,,,,,,,,,,,,,,,,,,,,,,,,,,-%,-%,-%,"75,00%","25,00%",-%,"100,00%",-%,"0,00%","0,00%","90,00%",,,,,,,,,,,,,,,,,,,,,,,,,,,-,,,,,,,,,,,,,,-,-,-,-,"44,44%","12,50%",,,,,,,"-71,87%",,,,,,,,,-,"28,47%",,,,,,,,,,,,,,,
,TANIA AOKI OUTL,%,maior - melhor,,,,,,,,,,,,,,,,,,,,,,,,,,,,,,,,,,,,,,,,,,,,,,,,,,,,,,,,,,,,,,,,,,,,-%,-%,-%,-%,-%,-%,-%,-%,-%,"0,00%","100,00%",,,,,,,,,,,,,,,,,,,,,,,,,,,-,,,,,,,,,,,,,,-,-,-,-,-,"0,00%",,,,,,,-,,,,,,,,,-,"0,00%",,,,,,,,,,,,,,,
,Di Casa (51.202.932 FRAN),%,maior - melhor,,,,,,,,,,,,,,,,,,,,,,,,,,,,,,,,,,,,,,,,,,,,,,,,,,,,,,,,,,,,,,,,,,,,-%,-%,-%,-%,-%,-%,-%,-%,-%,-%,"100,00%",,,,,,,,,,,,,,,,,,,,,,,,,,,-,,,,,,,,,,,,,,-,-,-,-,-,,,,,,,,,,,,,,,,,,,,,,,,,,,,,,,,,
, Aderência a data agendada,%,maior - melhor,,,,,,,,,,,,,,,,,,,,,,,"14,63%","13,75%","18,75%","11,48%","37,50%","54,14%","56,42%","67,45%","62,17%","64,01%","63,69%","66,78%","71,13%","73,23%","59,31%","65,96%","68,07%","68,67%","61,89%","71,92%","73,04%","78,18%","75,81%","71,06%","79,59%","82,43%","76,36%","79,47%","62,02%","45,45%","43,90%","69,92%","82,45%","73,10%","82,49%","84,16%","84,75%","87,37%","88,85%","90,02%","91,89%","89,53%","89,87%","87,78%","90,10%","88,83%","86,18%","86,42%","80,00%","80,86%","81,28%","87,10%","87,08%","89,44%","92,36%","86,57%",,,,,,,,,,,,,,,,,,,,,,,,,,,"-6,27%",,"63,33%","56,19%","52,56%","28,12%","21,30%","14,77%","59,42%","65,03%","62,78%","66,96%","74,62%","66,10%","73,86%","86,33%","89,20%","87,83%","82,24%","89,01%",,,,,,,"8,23%",,"70,02%","84,19%",,"57,36%","21,40%","62,41%","69,23%","83,13%","86,36%",,,,,,,,,,,,,,,
,Safari,%,maior - melhor,,,,,,,,,,,,,,,,,,,,,,,,,,,,,,,-%,-%,-%,-%,-%,"80,13%","87,80%","90,32%","88,00%","94,17%","93,06%","87,80%","93,93%","91,67%","97,45%","89,20%","92,61%","93,31%","90,50%","93,13%","51,25%","24,07%","22,22%","80,22%","98,21%","95,77%","95,83%","95,95%","97,44%","95,18%","94,96%","94,67%","94,09%","93,56%","94,22%","94,42%","95,71%","93,82%","95,78%","89,60%","91,36%","92,98%","93,43%","94,23%","93,98%","94,36%","94,88%","91,41%",,,,,,,,,,,,,,,,,,,,,,,,,,,"-3,66%",,,,,,,,,,,,,,-,"95,37%","94,36%","93,83%","91,85%","93,81%",,,,,,,"2,13%",,,,,,,,,"94,87%","93,16%",,,,,,,,,,,,,,,
,Saldão,%,maior - melhor,,,,,,,,,,,,,,,,,,,,,,,,,,,,,,,-%,-%,-%,-%,-%,-%,-%,"12,90%","4,08%","12,50%","1,52%",-%,"4,26%",-%,"3,17%","10,71%","27,08%","31,82%","2,04%","16,28%","42,03%","0,00%",-,"3,17%","28,17%","1,32%","65,67%","96,88%","96,08%","98,33%","95,16%","93,85%","95,16%","91,80%","93,48%","92,31%","93,15%","88,52%","94,55%","94,64%","93,85%","90,54%","94,37%","94,12%","96,08%","86,57%","92,98%","93,42%",,,,,,,,,,,,,,,,,,,,,,,,,,,"0,47%",,,,,,,,,,,,,,-,"95,51%","92,37%","92,06%","92,58%","90,91%",,,,,,,"-1,80%",,,,,,,,,"93,94%","91,85%",,,,,,,,,,,,,,,
,Movel Service,%,maior - melhor,,,,,,,,,,,,,,,,,,,,,,,,,,,,,,,-%,-%,-%,-%,-%,"67,90%","81,97%","93,75%","83,12%","76,39%","90,00%","82,67%","78,13%","87,50%","87,30%","88,00%","80,36%","92,86%","90,32%","90,91%","80,18%","87,23%","53,49%","87,06%","83,87%","86,30%","95,24%","87,50%","85,48%","91,53%","90,00%","95,35%","89,04%","88,24%","90,32%","85,92%","91,07%","86,21%","90,00%","96,55%","90,63%","66,67%","69,57%","86,08%","89,74%","95,89%","94,87%","85,33%",,,,,,,,,,,,,,,,,,,,,,,,,,,"-10,06%",,,,,,,,,,,,,,-,"88,70%","88,04%","89,57%","72,52%","93,07%",,,,,,,"28,34%",,,,,,,,,"88,37%","85,05%",,,,,,,,,,,,,,,
,Real Moweis,%,maior - melhor,,,,,,,,,,,,,,,,,,,,,,,,,,,,,,,-%,-%,-%,-%,-%,-%,-%,-%,"100,00%",-%,-%,-%,"100,00%","77,78%","66,67%","25,00%","88,89%","87,50%",-,"100,00%","85,71%","100,00%",-,"85,71%","83,33%","92,31%","100,00%","100,00%","92,31%","90,00%","71,43%","100,00%","100,00%","80,00%","100,00%","83,33%","100,00%","100,00%","100,00%",-%,-%,-%,-%,-%,-%,-%,,,,,,,,,,,,,,,,,,,,,,,,,,,,,-,,,,,,,,,,,,,,-,"89,13%","94,87%","96,43%",-%,-%,,,,,,,-,,,,,,,,,"92,00%","96,43%",,,,,,,,,,,,,,,
,LOGME (LIFE AMBIENTAL),%,maior - melhor,,,,,,,,,,,,,,,,,,,,,,,,,,,,,,,-%,-%,-%,-%,-%,"40,00%","100,00%","81,48%","66,67%",-%,-%,"91,67%","33,33%","83,87%","90,00%","78,26%","69,23%","90,70%","75,00%","75,00%","85,71%","88,89%",-,"0,00%","0,00%","0,00%","0,00%","0,00%","85,71%","88,89%","90,00%","95,65%","100,00%","84,38%","91,30%","81,82%","85,71%","79,17%","52,94%","7,69%","10,34%","28,57%","60,00%","10,00%","23,53%","29,41%","75,00%","59,26%",,,,,,,,,,,,,,,,,,,,,,,,,,,"-20,99%",,,,,,,,,,,,,,-,"90,27%","84,87%","62,18%","35,46%","61,54%",,,,,,,"73,55%",,,,,,,,,"87,57%","53,06%",,,,,,,,,,,,,,,
,KMAN,%,maior - melhor,,,,,,,,,,,,,,,,,,,,,,,,,,,,,,,-%,-%,-%,-%,-%,-%,-%,-%,-%,-%,-%,"66,67%","66,67%","66,67%","100,00%","100,00%","100,00%","88,89%","100,00%","84,62%","0,00%",-%,"100,00%","90,00%","93,75%","92,31%","78,57%","100,00%","100,00%","100,00%","90,00%","81,82%","90,00%","93,33%","100,00%","61,11%","90,91%","86,36%","92,31%","100,00%","100,00%","94,44%","93,33%","100,00%","88,24%","25,00%","92,86%","91,67%",,,,,,,,,,,,,,,,,,,,,,,,,,,"-1,28%",,,,,,,,,,,,,,-,"97,56%","85,29%","90,32%","96,30%","75,61%",,,,,,,"-21,48%",,,,,,,,,"91,43%","87,41%",,,,,,,,,,,,,,,
,Outeletro,%,maior - melhor,,,,,,,,,,,,,,,,,,,,,,,,,,,,,,,-%,-%,-%,-%,-%,"86,36%","78,95%","68,42%","95,45%","81,82%","92,31%","97,50%","83,87%","96,15%","91,67%","69,57%","100,00%","92,86%","28,57%","100,00%","78,57%","100,00%",-%,"92,31%","97,37%","39,29%","14,29%","6,06%","7,69%","18,75%","25,93%","95,00%","95,83%","80,00%","76,00%","96,30%","70,00%","96,00%","85,00%","100,00%","100,00%","79,31%","92,31%","86,67%","93,33%","96,43%","95,45%","82,93%",,,,,,,,,,,,,,,,,,,,,,,,,,,"-13,12%",,,,,,,,,,,,,,-,"13,73%","88,33%","91,75%","88,71%","93,33%",,,,,,,"5,21%",,,,,,,,,"51,03%","91,26%",,,,,,,,,,,,,,,
,Ponto Mix (AGMX),%,maior - melhor,,,,,,,,,,,,,,,,,,,,,,,,,,,,,,,-%,-%,-%,-%,-%,-%,-%,-%,-%,-%,-%,-%,"85,71%","66,67%","100,00%","100,00%","64,71%","88,89%","81,82%","71,43%","65,38%",-%,-,"50,00%","69,23%","46,43%","48,65%","14,29%","84,62%","50,00%","95,00%","85,71%","100,00%","91,67%","88,24%","92,86%","100,00%","92,86%","100,00%","100,00%","88,89%","100,00%","78,95%","92,00%","96,15%","92,31%","92,00%","83,33%",,,,,,,,,,,,,,,,,,,,,,,,,,,"-9,42%",,,,,,,,,,,,,,-,"61,02%","86,02%","98,39%","87,36%","93,75%",,,,,,,"7,31%",,,,,,,,,"73,52%","93,17%",,,,,,,,,,,,,,,
,ORC MOVEIS E EL ( Comercial Agrov),%,maior - melhor,,,,,,,,,,,,,,,,,,,,,,,,,,,,,,,-%,-%,-%,-%,-%,"50,00%","3,70%",-%,-%,-%,"7,14%","4,55%","19,05%","33,33%",-%,"9,09%","12,50%","39,29%","50,00%","35,71%","46,43%","44,44%","50,00%","15,00%","28,57%","25,00%","44,44%","27,27%","30,00%","33,33%","68,18%","6,25%","29,41%","35,71%","15,38%","16,67%","0,00%","15,38%","12,50%","0,00%","29,41%","61,54%","5,88%","25,00%","15,00%","75,00%","92,86%","60,00%",,,,,,,,,,,,,,,,,,,,,,,,,,,"-35,39%",,,,,,,,,,,,,,-,"42,86%","22,39%","2,06%","32,76%","51,28%",,,,,,,"56,53%",,,,,,,,,"32,63%","28,70%",,,,,,,,,,,,,,,
,E S L KOSLYK CO (Ebenezer),%,maior - melhor,,,,,,,,,,,,,,,,,,,,,,,,,,,,,,,-%,-%,-%,-%,-%,-%,-%,-%,-%,-%,-%,"72,73%","71,43%",-%,-%,"50,00%",-%,"100,00%",-%,-%,-%,-%,-,"0,00%","0,00%","100,00%","75,00%","0,00%","36,36%","100,00%","100,00%","76,92%","85,71%","100,00%","63,64%","100,00%","88,89%","92,86%","0,00%","87,50%","75,00%","100,00%",-%,"33,33%","62,50%","30,00%","87,50%","25,00%",,,,,,,,,,,,,,,,,,,,,,,,,,,"-71,43%",,,,,,,,,,,,,,-,"43,75%","80,85%","84,38%","45,71%","53,57%",,,,,,,"17,20%",,,,,,,,,"62,30%","61,22%",,,,,,,,,,,,,,,
,JEV,%,maior - melhor,,,,,,,,,,,,,,,,,,,,,,,,,,,,,,,-%,-%,-%,-%,-%,-%,-%,-%,-%,-%,-%,-%,-%,-%,-%,-%,-%,-%,-%,-%,-%,-%,-,"0,00%","0,00%","0,00%","0,00%","100,00%",-,-,"0,00%",-,-,-,-,-,-,-%,-%,-%,-%,-%,-%,-%,-%,-%,"0,00%",-%,,,,,,,,,,,,,,,,,,,,,,,,,,,-,,,,,,,,,,,,,,-,"60,00%","50,00%",%,"100,00%","0,00%",,,,,,,"-100,00%",,,,,,,,,"55,00%","50,00%",,,,,,,,,,,,,,,
,Outlet D Tudo,%,maior - melhor,,,,,,,,,,,,,,,,,,,,,,,,,,,,,,,-%,-%,-%,-%,-%,-%,-%,-%,-%,-%,-%,-%,-%,-%,-%,-%,-%,-%,-%,-%,"100,00%","100,00%",-%,"100,00%","66,67%","0,00%","100,00%",-,"100,00%",-,"83,33%","0,00%",-,"0,00%",-,-,"100,00%","100,00%","0,00%","0,00%","0,00%",-%,-%,-%,-%,-%,-%,-%,,,,,,,,,,,,,,,,,,,,,,,,,,,-,,,,,,,,,,,,,,-,"84,62%",%,"14,29%","0,00%","60,00%",,,,,,,-,,,,,,,,,"84,62%","24,76%",,,,,,,,,,,,,,,
,Topa Tudo ,%,maior - melhor,,,,,,,,,,,,,,,,,,,,,,,,,,,,,,,-%,-%,-%,-%,-%,-%,-%,-%,-%,"83,33%","100,00%","100,00%","100,00%","100,00%","100,00%","100,00%","100,00%","100,00%","100,00%","100,00%","100,00%","100,00%","100,00%","100,00%","100,00%","87,50%","100,00%","100,00%","100,00%","100,00%","94,44%","86,67%","100,00%","100,00%","100,00%","100,00%","100,00%","91,67%","100,00%","100,00%",-%,"94,12%","100,00%","100,00%","100,00%","100,00%","78,95%","100,00%",,,,,,,,,,,,,,,,,,,,,,,,,,,"26,66%",,,,,,,,,,,,,,-,"97,67%","96,97%","98,36%","95,24%","92,73%",,,,,,,"-2,64%",,,,,,,,,"97,32%","95,44%",,,,,,,,,,,,,,,
,MEGA MULTI OUTLET,%,maior - melhor,,,,,,,,,,,,,,,,,,,,,,,,,,,,,,,-%,-%,-%,-%,-%,-%,-%,-%,-%,-%,-%,-%,-%,"100,00%",-%,"88,89%","66,67%","77,78%","100,00%","100,00%","100,00%","100,00%","66,67%","100,00%","100,00%","100,00%","100,00%","80,00%","100,00%","83,33%","100,00%","100,00%","100,00%","100,00%","100,00%","100,00%","100,00%",-%,"100,00%",-%,"100,00%","83,33%","50,00%","100,00%","100,00%","85,71%","50,00%","100,00%",,,,,,,,,,,,,,,,,,,,,,,,,,,"100,00%",,,,,,,,,,,,,,-,"88,24%","92,86%","94,74%","86,36%","85,71%",,,,,,,"-0,75%",,,,,,,,,"90,55%","88,94%",,,,,,,,,,,,,,,
,MOVEIS CAMILO,%,maior - melhor,,,,,,,,,,,,,,,,,,,,,,,,,,,,,,,,,,,,,,,,,,,,,,,,,-,-,-,-,-,-,-,-,-,-,"100,00%","75,00%","100,00%","100,00%","100,00%","100,00%","100,00%","100,00%","0,00%","100,00%","100,00%","100,00%","100,00%","100,00%","100,00%","100,00%","100,00%","100,00%","100,00%","100,00%",,,,,,,,,,,,,,,,,,,,,,,,,,,"0,00%",,,,,,,,,,,,,,-,"90,00%","100,00%","100,00%","58,33%","0,00%",,,,,,,"-100,00%",,,,,,,,,"95,00%","52,78%",,,,,,,,,,,,,,,
,EletroShow,%,maior - melhor,,,,,,,,,,,,,,,,,,,,,,,,,,,,,,,,,,,,,,,,,,,,,,,,,-,-,-,-,-,-,-,-,-,-,-,-,-,-,-%,"100,00%",-%,-%,-%,-%,-%,"30,00%",-%,"42,86%",-%,"0,00%",-%,"75,00%","88,89%","100,00%",,,,,,,,,,,,,,,,,,,,,,,,,,,"12,50%",,-,-,-,-,-,-,-,-,-,-,-,-,-,-,"100,00%","40,91%","0,00%","66,67%",,,,,,,-,,,,,,,,,"100,00%","35,86%",,,,,,,,,,,,,,,
,Almeida (SEBASTIAO FIRMI),%,maior - melhor,,,,,,,,,,,,,,,,,,,,,,,,,,,,,,,,,,,,,,,,,,,,,,,,,,,,,,,,,,,,,,,,,,,,-%,-%,-%,"100,00%","50,00%","100,00%","100,00%","100,00%","0,00%","0,00%",-%,,,,,,,,,,,,,,,,,,,,,,,,,,,-,,,,,,,,,,,,,,-,-,-,-,"87,50%",%,,,,,,,-,,,,,,,,,-,"87,50%",,,,,,,,,,,,,,,
,Pontasso Saldão (TRINDADE & CUBA),%,maior - melhor,,,,,,,,,,,,,,,,,,,,,,,,,,,,,,,,,,,,,,,,,,,,,,,,,,,,,,,,,,,,,,,,,,,,-%,-%,-%,"66,67%","100,00%","100,00%","0,00%","100,00%","0,00%","0,00%","11,11%",,,,,,,,,,,,,,,,,,,,,,,,,,,-,,,,,,,,,,,,,,-,-,-,-,"77,78%","0,00%",,,,,,,"-100,00%",,,,,,,,,-,"38,89%",,,,,,,,,,,,,,,
,TANIA AOKI OUTL,%,maior - melhor,,,,,,,,,,,,,,,,,,,,,,,,,,,,,,,,,,,,,,,,,,,,,,,,,,,,,,,,,,,,,,,,,,,,-%,-%,-%,-%,-%,-%,-%,-%,"0,00%","0,00%","100,00%",,,,,,,,,,,,,,,,,,,,,,,,,,,-,,,,,,,,,,,,,,-,-,-,-,"0,00%",%,,,,,,,-,,,,,,,,,-,"0,00%",,,,,,,,,,,,,,,
,Di Casa (51.202.932 FRAN),%,maior - melhor,,,,,,,,,,,,,,,,,,,,,,,,,,,,,,,,,,,,,,,,,,,,,,,,,,,,,,,,,,,,,,,,,,,,-%,-%,-%,-%,-%,-%,-%,-%,-%,-%,"100,00%",,,,,,,,,,,,,,,,,,,,,,,,,,,-,,,,,,,,,,,,,,-,-,-,-,-,,,,,,,,,,,,,,,,,,,,,,,,,,,,,,,,,
,Média Aging apontamento problema de coleta ( Aberto),dias,menor - melhor,-,2,7,"8,5",5,5,9,10,9,7,8,6,8,8,3,11,8,8,10,7,8,6,7,10,9,"10,5",7,5,5,7,7,7,8,5,3,5,5,5,"4,5",5,5,4,4,4,3,6,4,4,5,4,5,5,5,6,5,6,4,4,6,6,7,6,6,6,4,5,5,5,"4,5",5,4,5,4,5,4,4,6,5,,,,,,,,,,,,,,,,,,,,,,,,,,,-1,,"4,5",9,7,8,7,9,7,6,5,4,4,5,4,6,6,5,4,6,,,,,,,2,,6,6,,"6,8",8,6,4,5,5,,,,,,,,,,,,,,,
,SAFARI MONTAGEM,dias,menor - melhor,-,2,7,"9,5",8,"8,5",13,13,14,9,9,"13,5",11,10,4,15,"13,5",19,13,8,9,7,9,11,13,11,8,7,7,8,8,9,10,7,5,7,7,8,"5,5",8,9,10,10,8,8,8,"11,5",5,7,7,4,9,14,11,7,12,10,7,11,8,11,13,11,7,5,7,6,6,6,7,"6,5",7,6,7,6,7,6,8,,,,,,,,,,,,,,,,,,,,,,,,,,,2,,7,13,"10,5",13,8,12,8,5,8,9,5,"10,5",10,9,7,7,"6,5",7,,,,,,,"0,5",,10,9,,"10,2","11,0","7,0","8,2",9,7,,,,,,,,,,,,,,,
,Saldão,dias,menor - melhor,-,1,4,3,5,1,9,4,1,3,"2,5",4,2,"2,5",3,1,"1,5","3,5",2,3,"1,5",1,2,3,2,3,2,3,4,3,1,2,2,3,1,4,2,1,1,1,2,1,2,1,1,2,2,2,2,1,2,3,0,2,2,1,2,2,2,4,2,3,5,2,3,4,5,4,4,3,3,2,2,5,3,2,3,4,,,,,,,,,,,,,,,,,,,,,,,,,,,1,,2,2,3,2,2,3,2,1,2,2,2,2,2,4,2,4,3,4,,,,,,,1,,2,4,,"2,4","2,3","1,7","2,0",3,4,,,,,,,,,,,,,,,
,Movel Service,dias,menor - melhor,-,1,8,"11,5",5,"8,5",3,"12,5","8,5",4,10,5,14,"12,5",1,13,1,12,22,16,"2,5",8,19,18,6,"17,5","13,5",7,4,"10,5","6,5","15,5","4,5",5,2,3,7,2,14,4,10,3,6,3,2,5,4,6,3,12,3,12,2,2,7,11,4,4,"9,5",15,5,14,3,2,14,12,9,6,9,12,2,6,4,4,7,"5,5",16,6,,,,,,,,,,,,,,,,,,,,,,,,,,,-10,,6,9,5,11,11,16,10,5,12,3,5,3,"5,5","7,5",2,6,2,16,,,,,,,14,,3,8,,"6,7","12,7","9,0","3,7",5,8,,,,,,,,,,,,,,,
,Real Moweis,dias,menor - melhor,-,-,-,10,-,"6,5",-,7,"17,5",-,-,"5,5",1,-,5,37,12,8,4,"1,5",2,2,11,"8,5",5,9,"4,5",10,"4,5",6,5,7,4,11,"2,5",5,"5,5","5,5",0,10,12,12,7,4,3,4,0,0,3,7,21,4,3,"5,5",4,-,3,7,6,4,"5,5",1,-,4,8,"3,5",4,-,0,0,0,0,0,0,0,-,,,,,,,,,,,,,,,,,,,,,,,,,,,,,0,,10,"8,5",4,12,2,9,6,3,0,4,0,"3,5","2,5",6,4,1,0,,,,,,,,0,,4,6,,"7,5","7,7","3,0","2,5",4,1,,,,,,,,,,,,,,,
,Tarcis Marques,dias,menor - melhor,-,-,7,16,4,"3,5","14,5",3,19,-,11,"7,5",2,22,16,20,-,-,1,"18,5",15,"12,5",-,"15,5",11,-,-,14,-,-,-,-,-,-,,,,,,,,,,,,,,,,,,,,,,,,,,,,,,,,,,,,,,,,,,,,,,,,,,,,,,,,,,,,,,,,,,,,,,,0,,7,"10,5","7,5",19,"11,5","15,5",-,-,-,,,,,,,,,,,,,,,,0,,,,,"8,4","15,3",,,,,,,,,,,,,,,,,,,
,LOGME (LIFE AMBIENTAL),dias,menor - melhor,-,3,10,3,9,4,19,10,"5,5",14,"5,5",9,7,5,10,2,"9,5",12,"3,5",6,"12,5",6,5,15,5,12,10,4,4,6,7,7,7,3,"3,5",5,7,4,"9,5",9,6,6,5,3,3,3,5,2,"7,5",4,5,"2,5",-,8,5,6,4,"3,5",3,6,-,3,-,3,2,5,1,2,2,2,2,"1,5",1,1,3,1,1,2,,,,,,,,,,,,,,,,,,,,,,,,,,,1,,"6,5",6,"6,5",8,7,5,"5,5",3,7,3,2,3,4,6,3,1,2,2,,,,,,,0,,3,6,,"6,4","6,7","5,2","2,7",4,2,,,,,,,,,,,,,,,
,KMAN,dias,menor - melhor,-,"3,5",2,8,2,-,2,4,-,-,-,7,"26,5",7,-,-,3,5,"7,5",10,16,12,9,"28,5",9,-,"11,5",5,"4,5","11,5",7,"5,5",4,"1,5",58,"3,5",7,1,2,3,1,1,1,4,3,3,4,3,6,-,4,"5,5",-,3,4,6,7,"3,5",6,-,3,3,1,5,-,5,7,2,4,2,0,"3,5",0,1,1,1,2,5,,,,,,,,,,,,,,,,,,,,,,,,,,,3,,3,3,7,"5,5",10,9,10,30,3,1,3,-,"5,5",3,5,5,0,"2,5",,,,,,,"2,5",,6,3,,"4,4","8,2","14,3","2,0",5,3,,,,,,,,,,,,,,,
,Outeletro,dias,menor - melhor,-,-,"2,5",1,"1,5",1,"1,5","3,5",2,1,1,2,"0,5","0,5",1,1,2,2,"0,5","1,5",5,2,2,1,2,3,1,1,1,5,1,2,"1,5","0,5",1,"1,5",1,1,"1,5",0,1,0,1,1,1,1,2,2,2,"2,5",3,10,7,6,4,1,0,4,7,11,"14,5",11,6,1,-,3,1,12,1,4,7,12,9,11,4,1,1,3,,,,,,,,,,,,,,,,,,,,,,,,,,,2,,1,2,1,1,2,"1,5",1,1,2,1,1,1,0,11,1,0,7,4,,,,,,,-3,,1,11,,"1,4","1,5","1,3","1,0",4,4,,,,,,,,,,,,,,,
,Ponto Mix (AGMX),dias,menor - melhor,-,4,1,11,-,4,3,-,-,5,4,5,18,"8,5",3,-,3,16,11,29,12,8,"10,5",7,8,3,3,4,3,"12,5",4,10,5,7,6,"6,5",6,3,6,7,6,6,11,4,4,10,6,6,13,7,16,6,-,8,7,"8,5",5,3,2,7,8,7,6,3,1,-,5,0,7,0,10,7,"4,5",4,4,8,9,3,,,,,,,,,,,,,,,,,,,,,,,,,,,-6,,7,"3,5",7,3,11,10,"6,5",6,3,2,6,6,5,7,3,-,10,5,,,,,,,-5,,6,7,,"5,8","8,0","5,2","4,7",5,8,,,,,,,,,,,,,,,
,ORC MOVEIS E EL (Comercial Agrov),dias,menor - melhor,-,-,-,-,2,"5,5","5,5","4,5",3,4,2,7,"3,5",6,-,-,4,10,"5,5",3,5,"6,5","3,5","6,5",7,6,7,5,6,7,8,8,3,3,"3,5",4,2,3,"2,5",2,3,4,3,3,3,"1,5",2,2,"3,5",1,1,0,2,2,"2,5",2,1,2,3,"2,5",2,1,1,1,1,2,4,1,"1,5","2,5",3,2,1,4,4,"13,5",6,3,,,,,,,,,,,,,,,,,,,,,,,,,,,-3,,2,4,3,6,5,6,7,4,"3,5",3,2,2,1,"2,5",1,2,3,"5,5",,,,,,,"2,5",,2,3,,3,"5,7","4,8","2,3",2,4,,,,,,,,,,,,,,,
,E S L KOSLYK CO (Ebenezer),dias,menor - melhor,-,-,-,-,-,-,-,-,-,-,-,-,-,-,-,-,-,-,-,-,-,3,17,26,5,-,"2,5",-,1,13,7,15,8,10,0,"2,5",8,1,5,7,3,6,3,17,13,11,0,13,"15,5",-,-,-,19,"20,5",-,5,-,-,16,-,14,6,3,6,"3,5",4,2,2,0,2,8,"7,5",0,4,5,"8,5",15,15,,,,,,,,,,,,,,,,,,,,,,,,,,,0,,-,-,-,-,3,4,13,0,5,14,13,23,-,-,6,0,8,"14,5",,,,,,,"6,5",,24,-,,-,"3,5","6,0","16,7",6,8,,,,,,,,,,,,,,,
,JEV,dias,menor - melhor,,,,,,,,,,,,,,,,,,,-,-,-,-,-,-,-,-,1,-,-,-,-,0,2,0,8,-,"0,5",0,0,0,5,1,-,-,-,"12,5",0,-,-,-,-,-,0,-,-,-,-,-,-,-,-,-,-,-,4,-,-,0,0,0,0,0,0,0,4,-,-,-,,,,,,,,,,,,,,,,,,,,,,,,,,,-,,-,-,-,-,-,12,-,8,0,-,2,-,-,-,-,-,0,-,,,,,,,-,,-,-,,-,"12,0","4,0","2,0",-,0,,,,,,,,,,,,,,,
,Outlet D Tudo,dias,menor - melhor,,,,,,,,,,,,,,,,,,,,,,,,,,,,,,,-,-,-,-,-,-,0,0,0,16,-,-,1,-,7,-,10,6,1,-,4,6,-,2,4,4,1,-,-,3,13,-,-,7,-,-,5,0,12,4,2,0,0,0,0,-,-,2,,,,,,,,,,,,,,,,,,,,,,,,,,,-,,-,-,-,-,-,-,-,-,0,-,6,6,1,5,7,-,2,-,,,,,,,-,,6,5,,-,-,-,"6,0",4,2,,,,,,,,,,,,,,,
,Topa Tudo ,dias,menor - melhor,,,,,,,,,,,,,,,,,,,,,,,,,,,,,,,-,-,-,-,-,-,,,-,0,-,3,1,0,3,-,1,0,0,1,1,-,2,1,-,-,-,-,"0,5",1,1,1,-,1,-,0,0,1,"0,5",2,"0,5","1,5",1,1,1,1,1,0,,,,,,,,,,,,,,,,,,,,,,,,,,,-1,,,,,,,,,-,-,0,0,2,"0,5",1,1,0,"0,5",1,,,,,,,"0,5",,2,1,,-,-,-,"0,7",1,1,,,,,,,,,,,,,,,
,MEGA MULTI OUTLET,dias,menor - melhor,,,,,,,,,,,,,,,,,,,,,,,,,,,,,,,-,-,-,-,-,-,-,-,-,-,-,-,-,3,2,0,"2,5",0,1,1,3,0,2,-,4,-,4,-,4,6,7,-,17,8,-,6,"7,5",0,"2,5",2,11,5,2,0,2,0,7,6,,,,,,,,,,,,,,,,,,,,,,,,,,,-1,,,,,,,,,-,-,"3,5",1,2,"3,5",6,8,6,11,7,,,,,,,-4,,2,6,,-,-,-,-,6,8,,,,,,,,,,,,,,,
,MOVEIS CAMILO,dias,menor - melhor,,,,,,,,,,,,,,,,,,,,,,,,,,,,,,,,,,,,,,,,,,,,,,,,,-,-,-,-,-,-,-,-,-,-,-,-,-,-,-,-,-,-,-,-,0,0,0,0,0,0,0,-,-,5,,,,,,,,,,,,,,,,,,,,,,,,,,,-,,,,,,,,,,,,,,,-,-,-,0,4,,,,,,,4,,,-,,-,-,-,-,-,2,,,,,,,,,,,,,,,
,EletroShow,dias,menor - melhor,,,,,,,,,,,,,,,,,,,,,,,,,,,,,,,,,,,,,,,,,,,,,,,,,-,-,-,-,-,-,-,-,-,-,-,-,-,-,-,-,-,-,-,-,0,0,0,0,0,0,0,-,-,4,,,,,,,,,,,,,,,,,,,,,,,,,,,-,,,,,,,,,,,,,,-,-,-,-,0,4,,,,,,,4,,,,,-,-,-,-,-,2,,,,,,,,,,,,,,,
,Almeida (SEBASTIAO FIRMI),dias,menor - melhor,,,,,,,,,,,,,,,,,,,,,,,,,,,,,,,,,,,,,,,,,,,,,,,,,,,,,,,,,,,,,,,,,,,,-,-,-,-,-,-,-,-,-,-,1,,,,,,,,,,,,,,,,,,,,,,,,,,,-,,,,,,,,,,,,,,-,-,-,-,0,-,,,,,,,-,,,,,-,-,-,-,-,0,,,,,,,,,,,,,,,
,Pontasso Saldão (TRINDADE & CUBA),dias,menor - melhor,,,,,,,,,,,,,,,,,,,,,,,,,,,,,,,,,,,,,,,,,,,,,,,,,,,,,,,,,,,,,,,,,,,,-,-,-,-,-,-,-,-,-,6,4,,,,,,,,,,,,,,,,,,,,,,,,,,,-2,,,,,,,,,,,,,,-,-,-,-,0,10,,,,,,,10,,,,,-,-,-,-,-,5,,,,,,,,,,,,,,,
,TANIA AOKI OUTL,dias,menor - melhor,,,,,,,,,,,,,,,,,,,,,,,,,,,,,,,,,,,,,,,,,,,,,,,,,,,,,,,,,,,,,,,,,,,,-,-,-,-,-,-,-,-,-,-,-,,,,,,,,,,,,,,,,,,,,,,,,,,,-,,,,,,,,,,,,,,-,-,-,-,-,-,,,,,,,-,,,,,,,,,-,,,,,,,,,,,,,,,,
,Di Casa (51.202.932 FRAN),dias,menor - melhor,,,,,,,,,,,,,,,,,,,,,,,,,,,,,,,,,,,,,,,,,,,,,,,,,,,,,,,,,,,,,,,,,,,,-,-,-,-,-,-,-,-,-,-,8,,,,,,,,,,,,,,,,,,,,,,,,,,,-,,,,,,,,,,,,,,-,-,-,-,-,,,,,,,,,,,,,,,,,,,,,,,,,,,,,,,,,
,Aging Problema de Coleta CX - Aberto,pedido,menor - melhor,,,,,,,,,,,,,,,,,,,,,,,,,,,,,,,,,,,,,,,,,,,,,,,,,,,,,,,,,,,,,,,,,,,,,,,,,,,,,,,,,,,,,,,,,,,,,,,,,,,,,,,,,,,,,,,,,,,,,,,,,,,,,,,,,,,,,,,,,,,,,,,,,,,,,,,,,,,,
,0 a 2 dias,pedido,menor - melhor,,,,,,,,,,,,,,,,,,-,-,-,-,-,-,230,144,41,93,70,41,87,129,84,133,1,159,127,112,87,133,122,141,116,84,113,35,107,118,61,9,99,179,76,11,149,140,190,149,113,144,138,157,167,119,116,66,64,107,115,132,67,134,124,88,60,95,83,110,149,,,,,,,,,,,,,,,,,,,,,,,,,,,39,,-,-,-,-,-,-,-,-,-,-,-,-,-,-,-,-,-,-,,,,,,,-,,-,-,,-,-,-,-,-,-,-,-,,,,,,,,,,,,,
,Madeira,pedido,menor - melhor,,,,,,,,,,,,,,,,,,,,,-,-,-,113,64,19,45,23,12,41,68,40,71,0,66,59,61,26,48,54,60,48,33,36,9,37,58,16,2,43,77,29,3,41,34,79,57,36,58,48,63,57,31,46,17,18,36,31,42,21,56,42,25,21,29,17,38,43,,,,,,,,,,,,,,,,,,,,,,,,,,,5,,-,-,-,-,-,-,-,-,-,-,-,-,-,-,-,-,-,-,,,,,,,-,,-,-,,-,-,-,-,-,-,-,-,,,,,,,,,,,,,
,Marketplace,pedido,menor - melhor,,,,,,,,,,,,,,,,,,,,,-,-,-,117,80,22,48,47,29,46,61,44,62,1,93,68,51,61,85,68,81,68,51,77,26,70,60,45,7,56,102,47,8,108,106,111,92,77,86,90,94,110,88,70,49,46,71,84,90,46,78,82,63,39,66,66,72,106,,,,,,,,,,,,,,,,,,,,,,,,,,,34,,-,-,-,-,-,-,-,-,-,-,-,-,-,-,-,-,-,-,,,,,,,-,,-,-,,-,-,-,-,-,-,-,-,,,,,,,,,,,,,
,2 a 5 dias,pedido,menor - melhor,,,,,,,,,,,,,,,,,,-,-,-,-,-,-,126,121,165,187,290,279,360,280,154,107,196,147,247,329,133,67,139,138,225,234,152,247,124,69,103,168,53,20,135,80,226,175,218,63,67,133,47,31,51,88,31,64,67,99,120,59,81,29,63,95,117,67,127,33,94,,,,,,,,,,,,,,,,,,,,,,,,,,,61,,-,-,-,-,-,-,-,-,-,-,-,-,-,-,-,-,-,-,,,,,,,-,,-,-,,-,-,-,-,-,-,-,-,,,,,,,,,,,,,
,Madeira,pedido,menor - melhor,,,,,,,,,,,,,,,,,,,,,-,-,-,44,60,65,89,161,151,177,150,74,51,107,64,112,155,69,24,43,57,83,91,58,86,41,26,45,67,31,12,57,30,80,47,66,20,15,32,20,16,25,40,18,20,24,29,54,20,29,18,25,36,28,19,40,17,34,,,,,,,,,,,,,,,,,,,,,,,,,,,17,,-,-,-,-,-,-,-,-,-,-,-,-,-,-,-,-,-,-,,,,,,,-,,-,-,,-,-,-,-,-,-,-,-,,,,,,,,,,,,,
,Marketplace,pedido,menor - melhor,,,,,,,,,,,,,,,,,,,,,-,-,-,82,61,100,98,129,121,183,130,80,56,89,83,135,174,64,43,96,81,142,143,94,161,83,43,58,101,22,8,78,50,146,128,152,43,52,101,27,15,26,48,13,44,43,70,66,39,52,11,38,59,89,48,87,16,60,,,,,,,,,,,,,,,,,,,,,,,,,,,44,,-,-,-,-,-,-,-,-,-,-,-,-,-,-,-,-,-,-,,,,,,,-,,-,-,,-,-,-,-,-,-,-,-,,,,,,,,,,,,,
,5 a 10 dias,pedido,menor - melhor,,,,,,,,,,,,,,,,,,-,-,-,-,-,-,117,130,90,72,66,62,84,128,146,111,51,1,1,9,0,0,0,0,0,0,0,0,0,0,0,0,0,0,0,0,0,0,22,1,1,27,0,2,8,3,2,0,9,1,3,2,2,7,6,5,11,15,14,4,14,,,,,,,,,,,,,,,,,,,,,,,,,,,10,,-,-,-,-,-,-,-,-,-,-,-,-,-,-,-,-,-,-,,,,,,,-,,-,-,,-,-,-,-,-,-,-,-,,,,,,,,,,,,,
,Madeira,pedido,menor - melhor,,,,,,,,,,,,,,,,,,,,,-,-,-,57,62,38,35,39,38,59,79,89,67,28,0,1,2,0,0,0,0,0,0,0,0,0,0,0,0,0,0,0,0,0,0,9,1,1,8,0,2,3,1,1,0,4,0,2,1,2,4,4,3,8,7,8,3,12,,,,,,,,,,,,,,,,,,,,,,,,,,,9,,-,-,-,-,-,-,-,-,-,-,-,-,-,-,-,-,-,-,,,,,,,-,,-,-,,-,-,-,-,-,-,-,-,,,,,,,,,,,,,
,Marketplace,pedido,menor - melhor,,,,,,,,,,,,,,,,,,,,,-,-,-,60,68,52,37,27,24,25,49,57,44,23,1,0,7,0,0,0,0,0,0,0,0,0,0,0,0,0,0,0,0,0,0,13,0,0,19,0,0,5,2,1,0,5,1,1,1,0,3,2,2,3,8,6,1,2,,,,,,,,,,,,,,,,,,,,,,,,,,,1,,-,-,-,-,-,-,-,-,-,-,-,-,-,-,-,-,-,-,,,,,,,-,,-,-,,-,-,-,-,-,-,-,-,,,,,,,,,,,,,
,10 a 30 dias,pedido,menor - melhor,,,,,,,,,,,,,,,,,,-,-,-,-,-,-,98,116,61,44,14,2,1,3,15,22,19,2,1,0,4,2,3,6,9,8,8,4,2,1,2,5,15,5,5,8,1,0,4,0,0,0,0,0,1,5,0,0,0,0,1,0,0,0,1,3,1,0,0,0,3,,,,,,,,,,,,,,,,,,,,,,,,,,,3,,-,-,-,-,-,-,-,-,-,-,-,-,-,-,-,-,-,-,,,,,,,-,,-,-,,-,-,-,-,-,-,-,-,,,,,,,,,,,,,
,Madeira,pedido,menor - melhor,,,,,,,,,,,,,,,,,,,,,-,-,-,45,53,33,22,6,1,1,2,11,15,16,2,1,0,2,0,2,2,6,6,4,1,2,1,1,3,12,2,3,4,0,0,3,0,0,0,0,0,1,2,0,0,0,0,1,0,0,0,0,2,1,0,0,0,2,,,,,,,,,,,,,,,,,,,,,,,,,,,2,,-,-,-,-,-,-,-,-,-,-,-,-,-,-,-,-,-,-,,,,,,,-,,-,-,,-,-,-,-,-,-,-,-,,,,,,,,,,,,,
,Marketplace,pedido,menor - melhor,,,,,,,,,,,,,,,,,,,,,-,-,-,53,63,28,22,8,1,0,1,4,7,3,0,0,0,2,2,1,4,3,2,4,3,0,0,1,2,3,3,2,4,1,0,1,0,0,0,0,0,0,3,0,0,0,0,0,0,0,0,1,1,0,0,0,0,1,,,,,,,,,,,,,,,,,,,,,,,,,,,1,,-,-,-,-,-,-,-,-,-,-,-,-,-,-,-,-,-,-,,,,,,,-,,-,-,,-,-,-,-,-,-,-,-,,,,,,,,,,,,,
,> que 30 dias,pedido,menor - melhor,,,,,,,,,,,,,,,,,,-,-,-,-,-,-,17,22,5,4,0,0,0,0,0,0,0,0,0,0,0,0,1,0,0,0,1,0,0,0,0,0,0,0,1,1,0,0,0,0,0,0,0,0,0,0,0,0,0,0,0,0,0,0,0,0,0,0,0,0,0,,,,,,,,,,,,,,,,,,,,,,,,,,,0,,-,-,-,-,-,-,-,-,-,-,-,-,-,-,-,-,-,-,,,,,,,-,,-,-,,-,-,-,-,-,-,-,-,,,,,,,,,,,,,
,Madeira,pedido,menor - melhor,,,,,,,,,,,,,,,,,,,,,-,-,-,14,17,1,1,0,0,0,0,0,0,0,0,0,0,0,0,0,0,0,0,1,0,0,0,0,0,0,0,1,1,0,0,0,0,0,0,0,0,0,0,0,0,0,0,0,0,0,0,0,0,0,0,0,0,0,,,,,,,,,,,,,,,,,,,,,,,,,,,0,,-,-,-,-,-,-,-,-,-,-,-,-,-,-,-,-,-,-,,,,,,,-,,-,-,,-,-,-,-,-,-,-,-,,,,,,,,,,,,,
,Marketplace,pedido,menor - melhor,,,,,,,,,,,,,,,,,,,,,-,-,-,3,5,4,3,0,0,0,0,0,0,0,0,0,0,0,0,1,0,0,0,0,0,0,0,0,0,0,0,0,0,0,0,0,0,0,0,0,0,0,0,0,0,0,0,0,0,0,0,0,0,0,0,0,0,0,,,,,,,,,,,,,,,,,,,,,,,,,,,0,,-,-,-,-,-,-,-,-,-,-,-,-,-,-,-,-,-,-,,,,,,,-,,-,-,,-,-,-,-,-,-,-,-,,,,,,,,,,,,,
,Total,pedido,menor - melhor,,,,,,,,,,,,,,,,,,-,-,-,-,-,-,588,533,362,400,440,384,532,540,399,373,267,309,376,450,224,202,265,285,350,326,274,286,233,188,166,182,167,204,217,100,376,315,434,213,181,304,185,190,227,215,149,130,140,207,239,193,150,170,194,191,189,177,224,147,260,,,,,,,,,,,,,,,,,,,,,,,,,,,113,,-,-,-,-,-,-,-,-,-,-,-,-,-,-,-,-,-,-,,,,,,,-,,-,-,,-,-,-,-,-,-,-,-,,,,,,,,,,,,,
,Taxa de Resposta CSAT Parça,%,maior - melhor,-%,-%,-%,-%,-%,-%,-%,-%,-%,-%,"11,56%","26,36%","33,18%","15,21%","21,80%","15,78%","14,46%","19,58%","19,30%","19,67%","19,59%","19,86%","15,79%","18,76%","21,91%","18,15%","20,17%","18,15%","21,25%","15,98%","25,43%","17,90%","17,27%","15,52%","16,31%","22,75%","16,35%","17,89%","19,65%","19,44%","19,29%","21,00%","24,15%","19,49%","14,59%","19,52%","25,69%","18,73%","22,55%","21,67%","20,32%","19,39%","18,89%","17,73%","24,07%","21,76%","20,33%","20,27%","20,27%","18,54%","19,06%","21,61%","17,81%","24,63%","16,98%","16,98%","17,77%","23,18%","18,21%","21,84%","18,03%","20,90%","42,08%","43,03%","44,56%","41,86%","41,80%","41,97%",,,,,,,,,,,,,,,,,,,,,,,,,,,"0,41%",,-%,-%,-%,"17,49%","19,64%","22,41%","24,89%","16,73%","19,03%","19,71%","21,64%","20,79%","21,65%","24,30%","19,66%","20,10%","31,96%","42,49%",,,,,,,"32,95%",,"20,26%","26,69%",,-%,"19,64%","19,03%","20,79%","21,87%","31,52%",#DIV/0!,#DIV/0!,,,,,,,,,,,,,
,CSAT Parça (Share de Notas 4 - 5),%,maior - melhor,-%,-%,-%,-%,-%,-%,-%,-%,-%,-%,"76,86%","69,84%","77,06%","77,00%","76,06%","100,00%","79,79%","88,31%","81,61%","76,92%","82,73%","74,34%","80,00%","90,99%","86,41%","79,38%","73,97%","87,37%","90,70%","91,38%","81,51%","87,72%","88,54%","90,57%","87,95%","87,13%","88,57%","82,35%","84,44%","88,29%","88,89%","82,86%","89,38%","86,00%","88,41%","88,76%","82,44%","90,14%","86,96%","88,12%","84,31%","89,11%","82,35%","88,00%","87,60%","83,62%","82,26%","86,54%","85,25%","76,19%","81,76%","92,37%","85,23%","92,92%","85,88%","86,67%","90,70%","85,37%","84,75%","90,70%","84,27%","80,68%","88,61%","90,44%","92,17%","90,27%","88,32%","89,27%",,,,,,,,,,,,,,,,,,,,,,,,,,,"1,08%",,-%,-%,"74,29%","80,00%","78,63%","83,22%","86,58%","88,75%","87,01%","86,32%","86,70%","86,76%","84,63%","82,73%","89,23%","87,56%","87,70%","90,04%",,,,,,,"2,67%",,"83,09%","86,00%",,"74,29%","80,00%","87,01%","86,70%","85,53%","88,43%",#DIV/0!,#DIV/0!,,,,,,,,,,,,,
,Meta CSAT Parça,%,,,,,,,,,,,,,,,,,,,,,,,,,,,,,,,,,,,,,,,,,,,,,,,,,,,,,,,,,,,,,,,,,,,,,,,,,,,,,,,,,,,,,,,,,,,,,,,,,,,,,,,,,,-,,,-%,"65,00%","65,00%","65,00%","65,00%","75,00%","75,00%","75,00%","85,00%","85,00%","85,00%","85,00%","85,00%","85,00%","85,00%","85,00%",,,,,,,,-,,"74,00%",,,,"86,67%",,,,,,,,,,,,,,,,,,,
,Atingimento,%,,,,,,,,,,,,,,,,,,,,,,,,,,,,,,,,,,,,,,,,,,,,,,,,,,,,,,,,,,,,,,,,,,,,,,,,,,,,,,,,,,,,,,,,,,,,,,,,,,,,,,,,,,-,,,-%,,,,,,,,,,,"99,56%","97,33%","104,98%","103,01%","103,18%",,,,,,,,-,,"81,82%",,,,"82,05%",,,,,,,,,,,,,,,,,,,
,CSAT Safari,%,maior - melhor,-%,-%,-%,-%,-%,-%,-%,-%,-%,-%,"78,57%","69,49%","75,47%","83,78%","80,65%","100,00%","78,43%","84,21%","78,38%","74,03%","84,62%","73,21%","72,00%","88,46%","89,47%","75,68%","80,00%","82,22%","96,30%","79,17%","79,55%","91,67%","92,11%","91,84%","80,00%","84,62%","79,07%","85,71%","87,88%","95,56%","93,94%","83,33%","89,74%","87,76%","82,86%","91,89%","84,44%","96,15%","88,06%","89,19%","76,92%","82,76%","84,21%","100,00%","84,78%","87,07%","85,45%","85,29%","92,00%","81,82%","75,71%","94,74%","91,11%","96,30%","87,84%","88,31%","96,43%","91,84%","81,13%","94,12%","86,67%","78,95%","93,94%","91,21%","91,95%","89,38%","90,91%","93,83%",,,,,,,,,,,,,,,,,,,,,,,,,,,"3,21%",,-%,-%,"76,47%","80,77%","77,13%","82,61%","83,22%","89,83%","86,67%","88,31%","88,19%","84,74%","86,75%","82,89%","92,21%","89,76%","89,16%","91,27%",,,,,,,"2,37%",,"83,01%","88,40%",,"76,47%","80,77%","86,67%","88,19%","87,28%","90,06%",,,,,,,,,,,,,,,
,CSAT Saldão,%,maior - melhor,-%,-%,-%,-%,-%,-%,-%,-%,-%,-%,"85,48%","100,00%","69,23%","60,00%","83,33%","100,00%","85,71%","85,71%","92,86%","83,33%","90,00%","80,00%","100,00%","100,00%","100,00%","100,00%","83,33%","100,00%","93,75%","100,00%","92,86%","92,31%","92,31%","89,47%","100,00%","88,24%","100,00%","83,33%","100,00%","83,33%","93,33%","84,21%","100,00%","87,50%","80,00%","91,67%","94,12%","88,89%","78,57%","88,24%","87,50%","94,12%","80,00%",-,"94,74%","85,71%","76,92%","93,33%","92,31%","90,91%","86,96%","100,00%","76,92%","100,00%","90,00%","90,48%","90,00%","83,33%","90,00%","100,00%","91,67%","88,24%","88,57%","95,12%","92,00%","100,00%","100,00%","92,00%",,,,,,,,,,,,,,,,,,,,,,,,,,,"-8,00%",,-%,-%,"84,34%","81,82%","86,67%","97,92%","96,23%","91,49%","92,54%","88,10%","90,70%","86,89%","86,79%","90,32%","90,91%","89,58%","91,43%","96,00%",,,,,,,"5,00%",,"89,77%","90,12%",,"84,34%","86,67%","92,54%","88,10%","89,34%","92,34%",,,,,,,,,,,,,,,
,CSAT Movel Service,%,maior - melhor,-%,-%,-%,-%,-%,-%,-%,-%,-%,-%,"75,36%","78,26%","86,67%","76,92%","60,00%",-%,"70,00%","88,89%","92,86%","75,00%","81,82%","83,33%","87,50%","90,91%","100,00%","75,00%","81,82%","81,82%","86,67%","100,00%","88,00%","84,62%","89,47%","88,24%","84,62%","95,24%","82,35%","90,00%","50,00%","76,47%","60,00%","83,33%","95,00%","90,00%","90,91%","85,71%","79,17%","100,00%","73,91%","87,50%","89,29%","94,74%","71,43%","88,89%","85,00%","71,43%","88,24%","88,46%","56,52%","66,67%","84,00%","75,00%","60,00%","78,57%","76,47%","78,95%","73,33%","66,67%","73,68%","100,00%","92,31%","81,82%","80,00%","77,78%","92,68%","78,05%","64,29%","66,67%",,,,,,,,,,,,,,,,,,,,,,,,,,,"3,70%",,-%,-%,"77,06%","75,47%","82,05%","87,72%","88,52%","87,10%","91,30%","84,21%","86,89%","85,87%","81,97%","76,62%","75,93%","76,79%","81,54%","78,57%",,,,,,,"-3,64%",,"83,10%","78,34%",,"77,06%","82,05%","88,52%","85,87%","78,17%","78,97%",,,,,,,,,,,,,,,
,CSAT Real Moweis,%,maior - melhor,-%,-%,-%,-%,-%,-%,-%,-%,-%,-%,"54,55%","33,33%","100,00%","100,00%","100,00%",-%,"100,00%","100,00%","100,00%","100,00%","100,00%",-%,"100,00%","100,00%","100,00%","50,00%",-%,"100,00%","100,00%","100,00%",-%,"50,00%","100,00%",-%,"100,00%","100,00%","100,00%","0,00%","100,00%","60,00%",-%,"50,00%","100,00%","100,00%","100,00%","50,00%","50,00%","50,00%","100,00%","100,00%","100,00%","100,00%","100,00%","100,00%","100,00%","50,00%","33,33%","0,00%",-,"66,67%","80,00%","75,00%","100,00%","100,00%","80,00%","80,00%","100,00%","100,00%",-%,-%,-%,-%,-%,-%,-%,-%,-%,,,,,,,,,,,,,,,,,,,,,,,,,,,,-,,-%,-%,"61,11%","100,00%","100,00%","88,89%","100,00%","75,00%","73,33%","83,33%","55,56%","100,00%","62,50%","66,67%","83,33%","100,00%",-%,-%,,,,,,,-,,"80,65%","75,00%",,"61,11%","100,00%","75,00%","83,33%","70,83%","100,00%",,,,,,,,,,,,,,,
,CSAT Tarcis Marques,%,maior - melhor,-%,-%,-%,-%,-%,-%,-%,-%,-%,-%,"66,67%","33,33%","100,00%","100,00%","100,00%",-%,"71,43%","100,00%","100,00%","80,00%","50,00%","100,00%","66,67%","100,00%","100,00%","0,00%",-%,-%,"100,00%",-%,"0,00%",-%,-%,-%,-%,-%,,,,,,,,,,,,,,,,,,,,,,,,,,,,,,,,,,,,,,,,,,,,,,,,,,,,,,,,,,,,,,,,,,,,,-,,-%,-%,"64,52%","87,50%","81,82%","66,67%","66,67%",-%,,,,,,,,,,,,,,,,,-,,"73,13%",,,"64,52%","81,82%","66,67%",#NUM!,#DIV/0!,#DIV/0!,,,,,,,,,,,,,,,
,CSAT LOGME (LIFE AMBIENTAL),%,maior - melhor,-%,-%,-%,-%,-%,-%,-%,-%,-%,-%,"53,66%","58,33%","75,00%","55,56%","75,00%",-%,"83,33%","100,00%","100,00%","75,00%","77,78%","57,14%","50,00%","91,67%","58,82%","85,71%","80,00%","100,00%","100,00%","100,00%","76,92%","80,00%","83,33%","100,00%","88,89%","66,67%","100,00%","100,00%","86,67%","100,00%","75,00%","77,78%","63,64%","76,92%","100,00%","100,00%","66,67%","66,67%","100,00%","83,33%","100,00%","85,71%","75,00%",-,"83,33%","100,00%","80,00%","66,67%","100,00%","88,89%","90,91%","100,00%","50,00%","100,00%","88,89%","88,89%","100,00%","87,50%","100,00%","83,33%","100,00%","66,37%","85,71%","93,33%","94,12%","91,67%","85,71%","100,00%",,,,,,,,,,,,,,,,,,,,,,,,,,,"16,67%",,-%,-%,"57,38%","70,00%","75,76%","68,89%","89,47%","88,00%","87,50%","72,22%","76,92%","88,89%","83,33%","87,88%","85,00%","90,00%","88,57%","91,53%",,,,,,,"3,34%",,"76,49%","87,76%",,"57,38%","70,00%","88,00%","76,92%","85,40%","90,03%",,,,,,,,,,,,,,,
,CSAT KMAN,%,maior - melhor,-%,-%,-%,-%,-%,-%,-%,-%,-%,-%,"78,57%","0,00%","100,00%","50,00%","75,00%",-%,"100,00%",-%,"28,57%","100,00%","100,00%","80,00%","100,00%","80,00%","100,00%","66,67%","0,00%","75,00%","40,00%","100,00%","80,00%","50,00%","100,00%","100,00%","100,00%","100,00%","100,00%","100,00%","100,00%","100,00%","100,00%",-%,"100,00%","50,00%","100,00%","85,71%","100,00%","75,00%","100,00%","100,00%","50,00%","0,00%",-,"100,00%","100,00%","75,00%",-,"100,00%","100,00%","66,67%","100,00%","100,00%","100,00%","100,00%","83,33%","83,33%","100,00%","50,00%","100,00%","100,00%","100,00%","0,00%","100,00%","100,00%","100,00%","80,00%","100,00%","77,78%",,,,,,,,,,,,,,,,,,,,,,,,,,,"-22,22%",,-%,-%,"75,00%","64,29%","62,50%","77,78%","72,22%","92,86%","100,00%","83,33%","72,22%","72,22%","72,22%","72,22%","100,00%","83,33%","94,44%","85,71%",,,,,,,"-9,24%",,"77,70%","89,29%",,"75,00%","64,29%","92,86%","72,22%","81,48%","87,83%",,,,,,,,,,,,,,,
,CSAT Outeletro,%,maior - melhor,-%,-%,-%,-%,-%,-%,-%,-%,-%,-%,"64,29%","72,73%","77,78%","100,00%","85,71%",-%,"100,00%","100,00%","100,00%","100,00%","75,00%","100,00%","100,00%","100,00%","66,67%","100,00%","33,33%","100,00%","100,00%","100,00%","100,00%","100,00%","100,00%","100,00%","80,00%","100,00%","100,00%","66,67%","100,00%","75,00%","85,71%","80,00%","100,00%","100,00%","100,00%","100,00%","90,00%","100,00%","75,00%","100,00%","100,00%","75,00%","100,00%","50,00%","100,00%","85,71%","85,71%","100,00%","100,00%","75,00%","50,00%","100,00%","50,00%","100,00%","70,00%","72,73%","100,00%","100,00%","100,00%","0,00%","50,00%","100,00%","90,91%","80,65%","81,82%","100,00%","87,50%","84,62%",,,,,,,,,,,,,,,,,,,,,,,,,,,"-3,29%",,-%,-%,"68,75%","94,74%","92,86%","82,35%","100,00%","95,45%","88,89%","91,30%","94,74%","85,00%","81,82%","81,82%","82,61%","90,00%","82,61%","89,36%",,,,,,,"8,17%",,"86,51%","86,61%",,"68,75%","92,86%","95,45%","91,30%","82,08%","87,32%",,,,,,,,,,,,,,,
,CSAT Ponto Mix (AGMX),%,maior - melhor,-%,-%,-%,-%,-%,-%,-%,-%,-%,-%,"77,78%","100,00%","50,00%","50,00%","100,00%",-%,"100,00%","100,00%",-%,"83,33%","60,00%","25,00%","71,43%","83,33%","75,00%","87,50%","80,00%",-%,"100,00%",-%,"66,67%","83,33%","100,00%","100,00%","100,00%","100,00%",-%,-%,"100,00%","100,00%","100,00%","100,00%","100,00%","66,67%","100,00%","100,00%","100,00%","80,00%","100,00%","100,00%","100,00%","100,00%",-,-,"66,67%","75,00%","75,00%","81,82%","90,00%","66,67%","66,67%","100,00%","100,00%","100,00%","100,00%","100,00%","100,00%","100,00%","100,00%","83,33%","100,00%","66,67%","93,33%","100,00%","100,00%","88,89%","100,00%","93,33%",,,,,,,,,,,,,,,,,,,,,,,,,,,"-6,67%",,-%,-%,"77,42%","92,31%","60,00%","78,13%","77,78%","94,12%","100,00%","92,86%","94,12%","100,00%","72,22%","81,48%","100,00%","95,24%","92,86%","95,12%",,,,,,,"2,43%",,"85,71%","88,70%",,"77,42%","78,13%","94,12%","94,12%","84,57%","94,41%",,,,,,,,,,,,,,,
,CSAT ORC MOVEIS E EL (Comercial Agrov),%,maior - melhor,-%,-%,-%,-%,-%,-%,-%,-%,-%,-%,"75,00%","50,00%","66,67%","100,00%","0,00%",-%,"66,67%",-%,"0,00%","50,00%","100,00%","75,00%","66,67%",-%,-%,"75,00%","100,00%","80,00%","75,00%","100,00%","100,00%","75,00%","42,86%","77,78%","100,00%","100,00%","100,00%","66,67%","0,00%","80,00%","100,00%","80,00%","66,67%","100,00%",-%,"100,00%","62,50%","100,00%","100,00%","100,00%","87,50%","100,00%","100,00%",-,"100,00%","100,00%","80,00%","100,00%","80,00%","40,00%","100,00%","85,71%","100,00%","100,00%","66,67%","71,43%","100,00%","66,67%","0,00%","75,00%","0,00%","100,00%","63,64%","100,00%","100,00%","100,00%",-%,"60,00%",,,,,,,,,,,,,,,,,,,,,,,,,,,-,,-%,-%,"66,67%","55,56%","66,67%","76,92%","83,33%","74,07%","78,95%","81,25%","70,00%","95,83%","90,91%","78,95%","85,71%","71,43%","76,19%","86,67%",,,,,,,"13,76%",,"81,36%","80,23%",,"66,67%","66,67%","78,95%","81,25%","85,19%","78,10%",,,,,,,,,,,,,,,
,CSAT E S L KOSLYK CO,%,maior - melhor,-%,-%,-%,-%,-%,-%,-%,-%,-%,-%,-%,-%,-%,-%,-%,-%,-%,-%,-%,-%,-%,-%,-%,"100,00%","100,00%","100,00%",-%,"100,00%",-%,"100,00%","66,67%","0,00%","100,00%",-%,"100,00%","100,00%",-%,-%,"100,00%","100,00%","100,00%","100,00%","85,71%","100,00%",-%,"75,00%","50,00%",-%,"100,00%","60,00%","100,00%","100,00%",-,-,"100,00%","100,00%",-,-,"100,00%","60,00%","80,00%",-,"100,00%","40,00%","100,00%","100,00%","100,00%",-,"83,33%",-%,"33,33%","75,00%","100,00%","100,00%","80,00%","100,00%","80,00%","100,00%",,,,,,,,,,,,,,,,,,,,,,,,,,,"25,00%",,-%,-%,-%,-%,-%,"100,00%","75,00%","80,00%","100,00%","90,91%","66,67%","77,78%","100,00%","72,73%","75,00%","88,89%","76,92%","87,50%",,,,,,,"13,75%",,"85,45%","79,17%",,-%,"100,00%","80,00%","77,78%","82,58%","84,44%",,,,,,,,,,,,,,,
,CSAT JEV,%,maior - melhor,-%,-%,-%,-%,-%,-%,-%,-%,-%,-%,-%,-%,-%,-%,-%,-%,-%,-%,-%,-%,-%,-%,-%,-%,-%,"100,00%",-%,"100,00%",-%,-%,-%,-%,-%,-%,-%,-%,"100,00%","100,00%","100,00%",-%,-%,-%,-%,-%,-%,"100,00%",-%,-%,-%,-%,"100,00%",-,-,-,-,"100,00%","100,00%",-,"100,00%",-,"100,00%",-,-,-,-,-,-,-,-%,-%,-%,"100,00%",-%,"100,00%","100,00%",-%,"0,00%","100,00%",,,,,,,,,,,,,,,,,,,,,,,,,,,-,,-%,-%,-%,-%,-%,"100,00%","100,00%",-%,"100,00%",-%,"100,00%","50,00%","100,00%","100,00%",-%,-%,"100,00%","66,67%",,,,,,,"-33,33%",,"90,00%","100,00%",,-%,"100,00%","100,00%","75,00%","100,00%","0,83335",,,,,,,,,,,,,,,
,CSAT Outlet D Tudo,%,maior - melhor,,,,,,,,,,,,,,,,,,,,,,,,,,,,-%,-%,-%,-%,-%,-%,-%,-%,-%,"100,00%",-%,-%,"100,00%",-%,-%,"100,00%",-%,"100,00%","100,00%",-%,-%,"100,00%",-%,"100,00%","100,00%","0,00%",-,"100,00%","100,00%","100,00%",-,-,"0,00%",-,"100,00%","100,00%","100,00%","50,00%","50,00%","100,00%",-,-%,-%,"100,00%","0,00%",-%,-%,-%,"100,00%","100,00%","100,00%",,,,,,,,,,,,,,,,,,,,,,,,,,,"0,00%",,-%,-%,-%,-%,-%,-%,-%,-%,"100,00%","100,00%","100,00%","83,33%","100,00%","0,00%","85,71%","100,00%","50,00%","100,00%",,,,,,,"100,00%",,"80,93%","84,21%",,-%,-%,-%,"100,00%","61,90%","83,33%",,,,,,,,,,,,,,,
,CSAT Topa Tudo,%,maior - melhor,,,,,,,,,,,,,,,,,,,,,,,,,,,,-%,-%,-%,-%,-%,-%,-%,-%,-%,-%,-%,-%,-%,"100,00%","100,00%","100,00%",-%,-%,-%,"100,00%","100,00%",-%,-%,"66,67%","100,00%","100,00%",-,"100,00%",-,"50,00%","100,00%","100,00%","100,00%","100,00%","100,00%","100,00%","100,00%","100,00%","100,00%","100,00%","100,00%","100,00%","100,00%","100,00%","100,00%","80,00%","100,00%","88,89%","100,00%","100,00%","100,00%",,,,,,,,,,,,,,,,,,,,,,,,,,,"0,00%",,-%,-%,-%,-%,-%,-%,-%,-%,-%,"100,00%","100,00%","83,33%","75,00%","100,00%","100,00%","100,00%","93,75%","96,43%",,,,,,,"2,86%",,"94,44%","96,97%",,-%,-%,-%,"100,00%","91,67%","96,73%",,,,,,,,,,,,,,,
,CSAT MEGA MULTI OUTLET,%,maior - melhor,,,,,,,,,,,,,,,,,,,,,,,,,,,,,,,-%,-%,-%,-%,-%,-%,-%,-%,-%,-%,-%,-%,-%,-%,-%,"100,00%","100,00%","100,00%","100,00%","100,00%","100,00%","100,00%","100,00%",-,"100,00%",-,-,"100,00%","75,00%",-,"100,00%","100,00%","66,67%",-%,"100,00%","100,00%","100,00%","66,67%","100,00%","100,00%","100,00%","100,00%","100,00%","100,00%","100,00%","100,00%","80,00%","100,00%",,,,,,,,,,,,,,,,,,,,,,,,,,,"25,00%",,-%,-%,-%,-%,-%,-%,-%,-%,-%,-%,"100,00%","100,00%","100,00%","83,33%","75,00%","85,71%","90,00%","90,00%",,,,,,,"0,00%",,"100,00%","93,33%",,-%,-%,-%,,"86,11%","88,57%",,,,,,,,,,,,,,,
,CSAT MOVEIS CAMILO,%,maior - melhor,,,,,,,,,,,,,,,,,,,,,,,,,,,,,,,,,,,,,,,,,,,,,,,,,-,-,-,-,-,-,-,-,-,-,-,-,-,-,"100,00%","100,00%",-,-,-,-,,"100,00%",-%,-%,"100,00%","100,00%",-%,-%,"100,00%","50,00%",,,,,,,,,,,,,,,,,,,,,,,,,,,"-50,00%",,,,,,,,,,,,,,-,-,"100,00%","100,00%","100,00%","80,00%",,,,,,,"-20,00%",,-,"100,00%",,,,,,1,"93,33%",,,,,,,,,,,,,,,
,CSAT EletroShow,%,maior - melhor,,,,,,,,,,,,,,,,,,,,,,,,,,,,,,,,,,,,,,,,,,,,,,,,,,,,,,,,,,,,,,,,,,"100,00%","66,67%","60,00%","100,00%",-%,"50,00%",-%,"60,00%","66,67%","100,00%","100,00%","100,00%",-%,,,,,,,,,,,,,,,,,,,,,,,,,,,-,,,,,,,,,,,,,,-,-,"100,00%","66,67%","58,33%","94,12%",,,,,,,"61,36%",,-,"65,38%",,,,,,1,"73,04%",,,,,,,,,,,,,,,
,CSAT Almeida (SEBASTIAO FIRMI),%,maior - melhor,,,,,,,,,,,,,,,,,,,,,,,,,,,,,,,,,,,,,,,,,,,,,,,,,,,,,,,,,,,,,,,,,,,,-%,-%,,-%,-%,-%,-%,-%,-%,-%,-%,,,,,,,,,,,,,,,,,,,,,,,,,,,-,,,,,,,,,,,,,,-,-,-,-,"100,00%","100,00%",,,,,,,"0,00%",,-,"100,00%",,,,,,-,1,,,,,,,,,,,,,,,
,CSAT Pontasso Saldão (TRINDADE & CUBA),%,maior - melhor,,,,,,,,,,,,,,,,,,,,,,,,,,,,,,,,,,,,,,,,,,,,,,,,,,,,,,,,,,,,,,,,,,,,-%,-%,,-%,-%,-%,"100,00%","100,00%","100,00%",-%,"88,89%",,,,,,,,,,,,,,,,,,,,,,,,,,,-,,,,,,,,,,,,,,-,-,-,-,"100,00%","93,75%",,,,,,,"-6,25%",,-,"100,00%",,,,,,-,"0,96875",,,,,,,,,,,,,,,
,CSAT Tania Aoki outl,%,maior - melhor,,,,,,,,,,,,,,,,,,,,,,,,,,,,,,,,,,,,,,,,,,,,,,,,,,,,,,,,,,,,,,,,,,,,,,,,-%,-%,"100,00%",-%,-%,-%,"100,00%",,,,,,,,,,,,,,,,,,,,,,,,,,,-,,,,,,,,,,,,,,-,-,-,-,"100,00%","100,00%",,,,,,,"0,00%",,-,"100,00%",,,,,,,1,,,,,,,,,,,,,,,
,CSAT Di Casa (51.202.932 FRAN),%,maior - melhor,,,,,,,,,,,,,,,,,,,,,,,,,,,,,,,,,,,,,,,,,,,,,,,,,,,,,,,,,,,,,,,,,,,,,,,,,,,,,,-%,,,,,,,,,,,,,,,,,,,,,,,,,,,-,,,,,,,,,,,,,,-,-,-,-,-,,,,,,,,,,,,,,,,,,,,,,,,,,,,,,,,,
,ESTRUTURA REDUZIDA E DE BAIXO CUSTO,,,,,,,,,,,,,,,,,,,,,,,,,,,,,,,,,,,,,,,,,,,,,,,,,,,,,,,,,,,,,,,,,,,,,,,,,,,,,,,,,,,,,,,,,,,,,,,,,,,,,,,,,,,-,,,,,,,,,,,,,,,,,,,,,,,,,,,,,,,,,,,,,,,,,,,,,,,,,,,
,Parça Devolução: Rentabilidade,%,maior - melhor,"52,00%","53,00%","52,00%","51,00%","51,39%","53,25%","51,77%",56%,53%,50%,54%,51%,53%,54%,54%,52%,-%,52%,52%,54%,54%,56%,54%,54%,53%,55%,49%,53%,"54,11%",56%,"55,82%",54%,55%,56%,53%,54%,53%,54%,52%,55%,54%,54%,53%,53%,54%,48%,50%,53%,52%,53%,50%,50%,51%,50%,48%,"49,83%","49,04%","49,61%","48,24%","50,51%","50,53%","52,32%","49,50%",50%,51%,51%,"50,18%",54%,51%,"49,56%",49%,50%,50%,51%,"52,41%",48%,51%,47%,,,,,,,,,,,,,,,,,,,,,,,,,,,"-6,54%",,"51,75%","53,27%","52,41%","52,14%","54,13%","54,02%","54,14%","54,71%","52,70%","54,14%","51,17%","51,07%","49,31%","50,29%","50,95%","51,12%","49,76%","49,63%",,,,,,,"-0,26%",,"52,97%","53,17%",,"52,47%","53,43%","53,85%","52,13%","50,18%","50,17%",,,,,,,,,,,,,,,
,Parça Reversa: Rentabilidade,%,maior - melhor,n/a,16%,17%,17%,16%,17%,17%,17%,16%,16%,14%,17%,15%,20%,18%,17%,-%,17%,19%,18%,18%,17%,18%,-%,19%,19%,18%,17%,"19,19%",20%,"18,95%",18%,"17,76%",17%,19%,17%,19%,17%,18%,17%,18%,14%,17%,19%,18%,18%,18%,19%,18%,17%,17%,18%,17%,20%,17%,"15,56%","17,43%","18,35%","16,74%","17,03%","16,95%","17,75%","16,61%",19%,17%,19%,"17,98%",18%,18%,"17,38%",18%,18%,16%,20%,"18,01%","18,79%",16%,"18,09%",,,,,,,,,,,,,,,,,,,,,,,,,,,"10,37%",,"16,38%","16,47%","16,76%","17,29%","17,52%","18,30%","19,08%","17,97%","17,83%","18,23%","18,3%","17,45%","17,33%","17,14%","17,86%","18,23%","18,44%","17,77%",,,,,,,"-3,63%",,"17,63%","18,01%",,"16,54%","17,70%","18,29%","18,00%","17,44%","18,15%",,,,,,,,,,,,,,,
,Parça Devolução: % de Abrangência (Bulkys),%,maior - melhor,"56,65%","64,50%","74,86%","84,44%","83,89%","79,75%","89,97%","94,21%","92,87%","95,25%","100,00%","100,00%","100,00%","100,00%","100,00%","100,00%","100,00%","100,00%","100,00%","100,00%","100,00%","100,00%","100,00%","100,00%","100,00%","100,00%","100,00%","100,00%",100%,100%,100%,100%,100%,100%,100%,100%,100%,100%,100%,100%,100%,100%,100%,100%,100%,100%,100%,100%,100%,100%,100%,100%,100%,100%,100%,100%,100%,100%,100%,100%,100%,100%,100%,100%,100%,100%,100%,100%,100%,100%,100%,100%,100%,100%,100%,100%,100%,100%,,,,,,,,,,,,,,,,,,,,,,,,,,,"0,00%",,"83,41%","94,17%","100,00%","100,00%","100,00%","100,00%","100,00%","100,00%","100,00%","100,00%","100,00%","100,00%",100%,100%,100%,100%,100%,100%,,,,,,,"0,00%",,"98,13%","100,00%",,"92,53%","100,00%","100,00%","100,00%",100%,100%,,,,,,,,,,,,,,,
,Parça Devolução: Total de Notas Coletadas,#,maior - melhor,196,276,274,331,326,347,350,374,404,301,335,425,455,559,522,477,443,394,445,370,422,457,396,469,486,442,403,545,497,499,535,558,426,491,487,443,589,594,491,604,535,493,452,485,434,487,625,524,603,681,818,552,530,657,499,634,649,621,636,445,612,986,779,740,959,689,810,573,730,598,670,901,430,452,378,431,654,519,,,,,,,,,,,,,,,,,,,,,,,,,,,"-20,64%",,1357,1471,1542,1920,1895,1841,2119,1991,2318,2313,1983,2742,2116,2203,3172,2744,2.340,1.969,,,,,,,"-15,85%",,1958,22216,,"1456,7","1885,3","2142,7","2346,0",2497,2351,,,,,,,,,,,,,,,
,Parça Devolução: Valor Recebido,R$,maior - melhor,"60,7K","39,2K","99,4K","62,1K","145,7K","94,7K","121,1K","95,6K","131,4K","111,1K","144,8K","107,5K","111,7K","99,6K","134,0K","120,0K",-,"283,0K","193,6K","321,9K","215,9K","226,2K","213,0K","212,8K","199,8K","267,2K","80,5K","344,3K","200,1K","260,0K","281,3K","316,3K","346,6K","248,5K","284,4K","241,2K","238,3K","263,7K","318,7K","325,9K","332,4K","292,5K","298,3K","288,9K","255,2K","218,4K","237,6K","254,3K","248,0K","110,9K","417,9K","292,0K","166,6K","173,0K","341,6K","302,8K","455,3K","559,5K","393,2K","352,4K","272,6K","327,7K","260,2K","254,4K","281,7K","204,8K","288,6K","295,7K","302,8K","279,7K","209,7K","338,7K","256,0K","250,9K","248,7K","212,8K","236,3K","261,4K",,,,,,,,,,,,,,,,,,,,,,,,,,,"10,65%",,"407,9K","442,8K","475,1K","509,9K","1,1M","893,2K","1,3M","1,2M","1,2M","1,4M","965,4K","1,2M","1,3M","1,3M","1,3M","1,2M","1,1M","952,6K",,,,,,,"-9,72%",,"920,3K","11,0M",,"441,9K","829,3K","1,2M","1,2M","1,3M","1,1M",,,,,,,,,,,,,,,
,Parça Devolução: Estoque Evitado,R$,maior - melhor,"117,2K","75,2K","190,3K","122,0K","283,5K","177,9K","233,8K","170,8K","248,8K","222,3K","265,8K","210,5K","211,5K","187,2K","248,5K","231,0K",-,"545,0K","370,9K","590,9K","400,9K","407,4K","396,0K","392,0K","377,4K","487,7K","164,6K","649,8K","369,7K","464,3K","504,0K","585,0K","625,6K","440,1K","536,0K","450,5K","449,6K","485,2K","616,9K","593,4K","615,8K","541,0K","564,2K","544,9K","475,2K","451,8K","477,4K","482,2K","473,5K","207,5K","828,8K","585,0K","324,4K","342,8K","710,8K","607,8K","928,6K","277,6K","815,1K","697,7K","539,4K","626,4K","525,7K","510,3K","549,8K","400,4K","575,1K","546,9K","593,3K","564,4K","431,1K","678,8K","514,9K","496,1K","474,5K","441,4K","465,8K","551,4K",,,,,,,,,,,,,,,,,,,,,,,,,,,"18,39%",,"788,2K","831,3K","905,7K","974,5K","2,0M","1,7M","2,3M","2,1M","2,2M","2,6M","1,9M","2,4M","2,6M","2,5M","2,5M","2,3M","2,1M","1,9M",,,,,,,"-9,50%",,"1,7M","20,8M",,"841,7K","1,5M","2,2M","2,3M","2,5M","2,1M",,,,,,,,,,,,,,,
,Parça Reversa: % de Abrangência,%,maior - melhor,"71,09%","74,35%","71,76%","82,44%","83,33%","88,22%","86,36%","82,90%","87,80%","86,08%","83,65%","80,22%","87,36%","82,57%","85,44%","76,81%","75,43%","73,96%","82,98%","83,11%","86,26%","82,82%","81,12%","81,00%","81,13%","78,75%","87,18%",90.81%,"74,89%","86,62%","80,16%","86,29%","82,37%","85,66%","77,94%","80,89%","82,68%","86,71%","83,47%","77,00%","85,74%","83,61%","84,25%","83,99%","82,38%","82,99%","89,45%","88,43%","81,39%","87,14%","91,07%","93,28%","81,38%","84,94%","81,14%","82,03%","88,93%","89,12%","82,82%","85,27%","81,46%","83,77%","85,89%","83,33%","82,57%","86,49%","84,97%","87,07%","81,20%","83,25%","80,58%","85,03%","77,53%","81,90%","82,89%","84,40%","78,58%","90,05%",,,,,,,,,,,,,,,,,,,,,,,,,,,"14,60%",,"75,85%","80,52%","79,73%","76,05%","80,21%","79,04%","79,75%","79,33%","76,00%","78,88%","81,42%","81,83%","78,08%","78,56%","78,10%","80,30%","77,55%","81,21%",,,,,,,"4,72%",,"79,05%","78,87%",,"78,70%","78,43%","78,36%","80,71%","78,25%","79,69%",,,,,,,,,,,,,,,
,Parça Reversa: Total de Notas Coletadas,#,maior - melhor,209,458,426,385,340,429,418,446,511,303,481,442,394,412,446,265,261,301,473,492,383,352,451,422,301,404,408,346,331,343,412,491,500,490,530,529,401,411,515,492,421,495,508,425,416,478,407,558,468,420,622,222,153,502,542,589,490,549,511,301,536,480,493,505,507,512,492,505,406,353,336,318,452,439,586,460,477,498,,,,,,,,,,,,,,,,,,,,,,,,,,,"4,40%",,1801,1918,1915,1864,2188,1824,2004,2253,2200,2300,1989,1887,2295,2049,2395,2274,2.042,2.209,,,,,,,"8,18%",,2012,24379,,"1878,0","1958,7","2152,3","2058,7","2246,33",2175,,,,,,,,,,,,,,,
,Parça Reversa: Valor Recebido,R$,maior - melhor,"11,5K","25,8K","78,7K","37,8K","64,9K","36,9K",-,"90,0K","32,5K","51,6K","2,7K","87,6K","23,1K","30,5K","58,3K","49,1K",-,"86,1K","6,6K","102,4K","85,6K","133,8K","80,0K",-,"81,3K","66,5K","77,3K","66,6K","55,7K","125,8K","3,6K","157,1K","67,0K","76,1K","73,6K","65,7K","71,0K","57,1K","86,9K","82,3K","71,2K","2,6K","63,0K","157,7K","77,7K","57,2K","12,1K","136,9K","71,4K","53,3K","117,6K","63,3K","26,8K","32,0K","62,9K","72,3K","127,2K","60,9K","62,5K","62,0K","71,8K","87,9K","39,1K","106,9K","65,5K","72,4K","86,8K","68,6K","60,3K","84,9K","61,0K","70,0K","45,1K","115,0K","65,9K","65,6K","72,6K","91,7K",,,,,,,,,,,,,,,,,,,,,,,,,,,"26,45%",,"207,2K","159,3K","195,5K","193,2K","330,1K","304,6K","223,8K","377,5K","293,9K","363,5K","283,9K","300,1K","294,4K","262,7K","345,5K","326,9K","297,2K","295,9K",,,,,,,"-0,46%",,"269,4K","3,3M",,"187,3K","276,0K","298,4K","315,8K","300,9K","306,7K",,,,,,,,,,,,,,,
,Parça Reversa: Estoque Evitado,R$,maior - melhor,"79,1K","160,2K","474,5K","219,8K","410,3K","222,1K",-,"544,9K","200,4K","321,8K","18,6K","523,1K","156,6K","150,0K","327,5K","298,0K",-,"504,0K","35,3K","583,3K","479,1K","773,9K","455,0K",-,"425,7K","354,0K","431,3K","386,0K","290,0K","632,3K","19,0K","869,1K","377,5K","445,4K","390,2K","378,9K","372,6K","327,0K","482,4K","473,4K","396,8K","18,1K","362,9K","830,6K","433,2K","320,9K","66,9K","728,6K","400,2K","313,1K","677,7K","352,1K","161,5K","161,3K","361,0K","464,8K","730,2K","331,8K","373,8K","364,0K","423,3K","495,2K","235,2K","564,5K","380,5K","381,4K","482,7K","376,3K","343,8K","488,4K","344,3K","381,2K","274,5K","586,4K","366,1K","349,4K","442,6K","507,0K",,,,,,,,,,,,,,,,,,,,,,,,,,,"14,55%",,"1,3M","967,3K","1,2M","1,1M","1,9M","1,7M","1,2M","2,1M","1,6M","2,0M","1,6M","1,7M","1,7M","1,5M","2,0M","1,8M","1,6M","1,7M",,,,,,,"3,30%",,"1,5M","18,2M",,"1,1M","1,6M","1,6M","1,8M","1,7M","1,7M",,,,,,,,,,,,,,,
,ALOCAÇÃO PARA PARCEIROS,,,,,,,,,,,,,,,,,,,,,,,,,,,,,,,,,,,,,,,,,,,,,,,,,,,,,,,,,,,,,,,,,,,,,,,,,,,,,,,,,,,,,,,,,,,,,,,,,,,,,,,,,,,,,,,,,,,,,,,,,,,,,,,,,,,,,,,,,,,,,,,,,,,,,,,,,,,,,,
,Abrangência Terceiras Parça,%,maior - melhor,-%,-%,-%,-%,-%,-%,-%,"16,60%","18,16%","19,55%","14,60%","52,65%","45,34%","55,18%","62,08%","58,21%","59,47%","67,10%","100,0%","100,0%","100,0%","100,0%","100,0%",,,,,,,,,,,,,,,,,,,,,,,,,,,,,,,,,,,,,,,,,,,,,,,,,,,,,,,,,,,,,,,,,,,,,,,,,,,,,,,,,,"0,00%",,"0,00%","17,38%","33,04%","58,74%","89,03%","100,0%",,,,,,,,,,,,,,,,,,,"77,80%",,"36,38%",,,"25,21%",,,,,,,,,,,,,,,,,,,,
,Abrangência Geral Parça,%,maior - melhor,"48,73%","60,10%","61,75%","62,74%","62,79%","61,96%","62,19%","68,74%","72,70%","69,88%","70,10%","78,27%","79,24%","80,85%","84,09%","81,02%","81,28%","85,28%","100,0%","100,0%","100,0%","100,0%","100,0%",,,,,,,,,,,,,,,,,,,,,,,,,,,,,,,,,,,,,,,,,,,,,,,,,,,,,,,,,,,,,,,,,,,,,,,,,,,,,,,,,,"0,00%",,"59,31%","66,53%","74,35%","82,85%","95,09%","100,0%",,,,,,,,,,,,,,,,,,,"11,44%",,"70,76%",,,"70,44%",,,,,,,,,,,,,,,,,,,,
,Abrangência Geral Reversa (Parça + Terceira + Bulky),%,maior - melhor,"75,17%","78,85%","74,16%","79,43%","78,87%","82,43%","77,17%","83,19%","87,80%","84,65%","81,59%","91,97%","94,09%","95,10%","94,41%","91,74%","83,33%","90,91%","100,0%","100,0%","100,0%","100,0%","100,0%",,,,,,,,,,,,,,,,,,,,,,,,,,,,,,,,,,,,,,,,,,,,,,,,,,,,,,,,,,,,,,,,,,,,,,,,,,,,,,,,,,"0,00%",,"77,30%","83,49%","92,68%","90,76%","96,97%","100,0%",,,,,,,,,,,,,,,,,,,"-2,07%",,"86,06%",,,"88,09%",,,,,,,,,,,,,,,,,,,,
,Abrangência  Devolução  (Terceira),%,maior - melhor,-%,-%,-%,-%,-%,-%,-%,"20,24%","20,62%","20,73%","17,87%","51,56%","42,24%","52,13%","61,82%","57,43%","67,99%","69,93%","100,0%","100,0%","100,0%","100,0%","100,0%",,,,,,,,,,,,,,,,,,,,,,,,,,,,,,,,,,,,,,,,,,,,,,,,,,,,,,,,,,,,,,,,,,,,,,,,,,,,,,,,,,"0,00%",,-%,"23,54%","45,21%","62,79%","89,98%",,,,,,,,,,,,,,,,,,,,"38,89%",,"43,85%",,,"34,38%",,,,,,,,,,,,,,,,,,,,
,% de Reversas Bulky,,menor - melhor,"1,45%","3,24%","0,89%","0,48%","1,73%","1,08%","1,26%","0,81%","1,52%","1,15%","0,71%","1,67%","1,07%","1,60%","1,68%","2,70%","1,61%","1,96%","1,91%","2,03%","1,77%","3,79%",,,,,,,,,,,,,,,,,,,,,,,,,,,,,,,,,,,,,,,,,,,,,,,,,,,,,,,,,,,,,,,,,,,,,,,,,,,,,,,,,,,"6,24%",,"22,54%","17,82%","18,78%","21,79%","17,35%","0,00%",,,,,,,,,,,,,,,,,,,"16,04%",,,,,,,,,,,,,,,,,,,,,,,,,
,% de Reversas Terceiras,,menor - melhor,"27,46%","22,41%","27,35%","17,08%","14,94%","10,70%","12,38%","16,29%","10,68%","12,77%","15,64%","18,11%","11,57%","15,83%","12,88%","20,49%","22,96%","24,08%","15,11%","14,86%","11,97%","13,39%",,,,,,,,,,,,,,,,,,,,,,,,,,,,,,,,,,,,,,,,,,,,,,,,,,,,,,,,,,,,,,,,,,,,,,,,,,,,,,,,,,,"-1,65%",,"1,61%","1,66%","1,49%","2,16%","2,36%","0,00%",,,,,,,,,,,,,,,,,,,"44,87%",,,,,,,,,,,,,,,,,,,,,,,,,
,% de Devolução Bulky,,menor - melhor,,,,,,,,,,,,,,,,,,,,,,,,,,,,,,,,,,,,,,,,,,,,,,,,,,,,,,,,,,,,,,,,,,,,,,,,,,,,,,,,,,,,,,,,,,,,,,,,,,,,,,,,,,,,,,,,,,,,,,,,,,,,,,,,,,,,,,,,,,,,,,,,,,,,,,,,,,,,
,% de Devolução Terceiras,,menor - melhor,,,,,,,,,,,,,,,,,,,,,,,,,,,,,,,,,,,,,,,,,,,,,,,,,,,,,,,,,,,,,,,,,,,,,,,,,,,,,,,,,,,,,,,,,,,,,,,,,,,,,,,,,,,,,,,,,,,,,,,,,,,,,,,,,,,,,,,,,,,,,,,,,,,,,,,,,,,,
,,,,,,,,,,,,,,,,,,,,,,,,,,,,,,,,,,,,,,,,,,,,,,,,,,,,,,,,,,,,,,,,,,,,,,,,,,,,,,,,,,,,,,,,,,,,,,,,,,,,,,,,,,,,,,,,,,,,,,,,,,,,,,,,,,,,,,,,,,,,,,,,,,,,,,,,,,,,,,,
,GIRO COLETAS EM ATRASO - (ABERTO),,,,,,,,,,,,,,,,,,,,,,,,,,,,,,,,,,,,,,,,,,,,,,,,,,,,,,,,,,,,,,,,,,,,,,,,,,,,,,,,,,,,,,,,,,,,,,,,,,,,,,,,,,,,,,,,,,,,,,,,,,,,,,,,,,,,,,,,,,,,,,,,,,,,,,,,,,,,,,
,ATRASO TOTAL:,,menor - melhor,,,,,,,,,,,,,,,,,,,,,,,-,-,-,-,-,145,209,214,194,162,166,145,218,138,157,169,109,91,113,116,104,93,139,93,166,131,185,130,99,109,185,82,124,113,131,159,115,97,61,92,88,101,134,127,100,118,84,72,145,211,165,201,190,101,153,216,,,,,,,,,,,,,,,,,,,,,,,,,,,63,,-,-,-,-,-,-,-,-,-,-,-,-,-,-,-,-,-,-,,,,,,,-,,-,-,,-,-,-,-,-,-,-,-,,,,,,,,,,,,,
,SAFARI,,menor - melhor,,,,,,,,,,,,,,,,,,,,,,,-,-,-,-,-,83,109,114,61,83,88,84,147,79,80,71,56,41,40,59,52,37,56,38,86,81,64,58,58,58,105,28,51,51,80,103,64,75,43,43,42,44,57,77,62,61,55,46,94,113,89,121,73,50,83,106,,,,,,,,,,,,,,,,,,,,,,,,,,,23,,-,-,-,-,-,-,-,-,-,-,-,-,-,-,-,-,-,-,,,,,,,-,,-,-,,-,-,-,-,-,-,-,-,,,,,,,,,,,,,
,SALDÃO CAMPINAS,,menor - melhor,,,,,,,,,,,,,,,,,,,,,,,-,-,-,-,-,0,3,1,4,3,5,0,9,3,3,2,0,1,5,1,4,6,5,3,4,5,4,4,2,4,7,1,5,3,6,2,8,7,4,2,1,4,2,0,4,4,2,5,8,5,4,3,8,3,3,8,,,,,,,,,,,,,,,,,,,,,,,,,,,5,,-,-,-,-,-,-,-,-,-,-,-,-,-,-,-,-,-,-,,,,,,,-,,-,-,,-,-,-,-,-,-,-,-,,,,,,,,,,,,,
,MOVEL SERVICE,,menor - melhor,,,,,,,,,,,,,,,,,,,,,,,-,-,-,-,-,17,36,35,72,28,35,32,35,25,33,53,23,13,16,23,21,37,31,37,52,26,65,43,29,30,33,35,29,20,23,34,27,6,3,22,33,37,49,32,17,37,23,10,28,52,46,43,67,26,43,76,,,,,,,,,,,,,,,,,,,,,,,,,,,33,,-,-,-,-,-,-,-,-,-,-,-,-,-,-,-,-,-,-,,,,,,,-,,-,-,,-,-,-,-,-,-,-,-,,,,,,,,,,,,,
,REAL MOWEIS,,menor - melhor,,,,,,,,,,,,,,,,,,,,,,,-,-,-,-,-,5,0,3,5,4,3,5,3,5,9,7,5,1,10,4,3,1,5,1,1,5,6,3,0,1,0,0,3,0,1,3,4,2,0,1,2,0,3,1,0,0,0,0,0,0,0,0,0,0,0,0,,,,,,,,,,,,,,,,,,,,,,,,,,,0,,-,-,-,-,-,-,-,-,-,-,-,-,-,-,-,-,-,-,,,,,,,-,,-,-,,-,-,-,-,-,-,-,-,,,,,,,,,,,,,
,LOGME (LIFE AMBIENTAL),,menor - melhor,,,,,,,,,,,,,,,,,,,,,,,-,-,-,-,-,4,14,9,10,12,6,9,7,7,11,10,5,11,13,6,6,3,17,2,6,6,13,10,2,4,12,9,24,9,7,5,6,2,0,0,1,2,3,2,3,2,0,1,3,5,3,14,23,6,3,10,,,,,,,,,,,,,,,,,,,,,,,,,,,7,,-,-,-,-,-,-,-,-,-,-,-,-,-,-,-,-,-,-,,,,,,,-,,-,-,,-,-,-,-,-,-,-,-,,,,,,,,,,,,,
,KMAN MONTAGEM,,menor - melhor,,,,,,,,,,,,,,,,,,,,,,,-,-,-,-,-,10,9,15,9,10,3,2,2,2,2,0,0,1,0,4,4,0,0,0,3,0,3,1,1,2,5,2,0,1,1,0,0,0,3,1,1,0,7,2,3,0,0,1,3,0,0,2,1,1,1,0,,,,,,,,,,,,,,,,,,,,,,,,,,,-1,,-,-,-,-,-,-,-,-,-,-,-,-,-,-,-,-,-,-,,,,,,,-,,-,-,,-,-,-,-,-,-,-,-,,,,,,,,,,,,,
,OUTELETRO,,menor - melhor,,,,,,,,,,,,,,,,,,,,,,,-,-,-,-,-,1,7,1,3,7,15,4,3,4,3,13,11,14,11,7,2,0,2,2,2,1,22,2,1,3,7,1,2,2,3,1,0,3,2,2,0,6,1,7,3,2,0,4,1,22,9,3,1,3,7,1,,,,,,,,,,,,,,,,,,,,,,,,,,,-6,,-,-,-,-,-,-,-,-,-,-,-,-,-,-,-,-,-,-,,,,,,,-,,-,-,,-,-,-,-,-,-,-,-,,,,,,,,,,,,,
,AGMX OPORTUNIDA,,menor - melhor,,,,,,,,,,,,,,,,,,,,,,,-,-,-,-,-,2,9,5,3,8,1,9,5,1,7,2,3,0,4,2,5,3,8,7,4,4,6,7,3,2,5,4,9,9,1,0,1,0,1,9,1,3,1,0,0,0,1,3,1,2,2,0,1,1,4,3,,,,,,,,,,,,,,,,,,,,,,,,,,,-1,,-,-,-,-,-,-,-,-,-,-,-,-,-,-,-,-,-,-,,,,,,,-,,-,-,,-,-,-,-,-,-,-,-,,,,,,,,,,,,,
,ORC MOVEIS E EL,,menor - melhor,,,,,,,,,,,,,,,,,,,,,,,-,-,-,-,-,20,18,25,23,7,7,0,5,9,7,11,6,9,12,6,1,4,11,2,3,2,1,2,1,0,0,0,0,5,2,1,1,1,0,1,0,0,0,2,1,1,0,0,2,4,0,0,2,0,0,1,,,,,,,,,,,,,,,,,,,,,,,,,,,1,,-,-,-,-,-,-,-,-,-,-,-,-,-,-,-,-,-,-,,,,,,,-,,-,-,,-,-,-,-,-,-,-,-,,,,,,,,,,,,,
,E S L KOSLYK CO (Ebenezer),,menor - melhor,,,,,,,,,,,,,,,,,,,,,,,-,-,-,-,-,3,4,5,4,0,2,0,1,0,1,0,0,0,2,4,6,2,3,0,5,1,1,0,2,2,10,2,1,4,5,9,0,0,3,5,1,2,2,1,1,1,1,1,0,4,9,5,2,3,2,1,,,,,,,,,,,,,,,,,,,,,,,,,,,-1,,-,-,-,-,-,-,-,-,-,-,-,-,-,-,-,-,-,-,,,,,,,-,,-,-,,-,-,-,-,-,-,-,-,,,,,,,,,,,,,
,JEV TRANSPORTES,,menor - melhor,,,,,,,,,,,,,,,,,,,,,,,-,-,-,-,-,0,0,1,0,0,0,0,0,3,1,0,0,0,0,0,0,0,1,0,0,0,0,0,0,0,-,-,-,-,0,0,2,0,0,0,0,1,1,0,0,0,0,1,0,0,0,0,0,0,0,0,,,,,,,,,,,,,,,,,,,,,,,,,,,0,,-,-,-,-,-,-,-,-,-,-,-,-,-,-,-,-,-,-,,,,,,,-,,-,-,,-,-,-,-,-,-,-,-,,,,,,,,,,,,,
,Outlet D Tudo,,menor - melhor,,,,,,,,,,,,,,,,,,,,,,,,,,,,,,,0,0,0,0,1,0,0,0,0,0,0,0,0,0,0,0,0,0,0,0,0,3,0,0,0,9,1,1,1,1,0,4,6,2,6,2,3,5,0,0,2,3,3,9,10,6,7,0,,,,,,,,,,,,,,,,,,,,,,,,,,,-7,,-,-,-,-,-,-,-,-,-,-,-,-,-,-,-,-,-,-,,,,,,,-,,-,-,,-,-,-,-,-,-,-,-,-,,-,,,,,,,,,,
,Topa Tudo ,,menor - melhor,,,,,,,,,,,,,,,,,,,,,,,,,,,,,,,-,-,-,-,-,-,-,-,-,0,0,0,0,0,0,0,0,0,0,0,0,0,1,-,0,0,0,0,0,0,2,0,0,0,0,0,1,0,0,0,0,0,0,0,1,1,0,0,,,,,,,,,,,,,,,,,,,,,,,,,,,0,,-,-,-,-,-,-,-,-,-,-,-,-,-,-,-,-,-,-,,,,,,,-,,-,-,,-,-,-,-,-,-,-,-,-,,-,,,,,,,,,,
,MEGA MULTI OUTLET,,menor - melhor,,,,,,,,,,,,,,,,,,,,,,,,,,,,,,,-,-,-,-,-,-,-,-,-,-,-,-,-,0,0,1,0,0,0,0,0,0,0,0,0,0,1,0,1,0,0,2,0,0,0,0,0,0,0,0,1,0,0,0,0,0,0,0,,,,,,,,,,,,,,,,,,,,,,,,,,,0,,-,-,-,-,-,-,-,-,-,-,-,-,-,-,-,-,-,-,,,,,,,-,,-,-,,-,-,-,-,-,-,-,-,,,,,,,,,,,,,
,MOVEIS CAMILO,,menor - melhor,,,,,,,,,,,,,,,,,,,,,,,,,,,,,,,,,,,,,,,,,,,,,,,,,-,-,-,-,-,-,-,-,-,-,-,0,0,0,0,0,0,0,0,0,0,0,0,0,0,0,0,0,0,0,,,,,,,,,,,,,,,,,,,,,,,,,,,0,,-,-,-,-,-,-,-,-,-,-,-,-,-,-,-,-,-,-,,,,,,,-,,-,-,,,,,,-,-,-,-,,,,,,,,,,,,,
,EletroShow,,menor - melhor,,,,,,,,,,,,,,,,,,,,,,,,,,,,,,,,,,,,,,,,,,,,,,,,,-,-,-,-,-,-,-,-,-,-,-,-,-,0,0,0,0,0,1,4,2,0,0,0,0,1,0,0,0,0,,,,,,,,,,,,,,,,,,,,,,,,,,,0,,-,-,-,-,-,-,-,-,-,-,-,-,-,-,-,-,-,-,,,,,,,-,,-,-,,,,,,-,-,-,-,,,,,,,,,,,,,
,Almeida (SEBASTIAO FIRMI),,menor - melhor,,,,,,,,,,,,,,,,,,,,,,,,,,,,,,,,,,,,,,,,,,,,,,,,,,,,,,,,,,,,,,,,,,,,-,-,-,0,0,0,0,0,0,0,0,,,,,,,,,,,,,,,,,,,,,,,,,,,0,,,,,,,,,,,,,,-,-,-,-,-,-,,,,,,,-,,-,-,,,,,,-,-,-,-,,,,,,,,,,,,,
,Pontasso Saldão (TRINDADE & CUBA),,menor - melhor,,,,,,,,,,,,,,,,,,,,,,,,,,,,,,,,,,,,,,,,,,,,,,,,,,,,,,,,,,,,,,,,,,,,-,-,-,0,0,0,0,0,0,0,10,,,,,,,,,,,,,,,,,,,,,,,,,,,10,,,,,,,,,,,,,,-,-,-,-,-,-,,,,,,,-,,-,-,,,,,,-,-,-,-,,,,,,,,,,,,,
,TANIA AOKI OUTL,,menor - melhor,,,,,,,,,,,,,,,,,,,,,,,,,,,,,,,,,,,,,,,,,,,,,,,,,,,,,,,,,,,,,,,,,,,,-,-,-,-,0,0,0,0,0,0,0,,,,,,,,,,,,,,,,,,,,,,,,,,,0,,,,,,,,,,,,,,-,-,-,-,-,-,,,,,,,-,,-,-,,,,,,-,-,,,,,,,,,,,,,,,
,Di Casa (51.202.932 FRAN),,menor - melhor,,,,,,,,,,,,,,,,,,,,,,,,,,,,,,,,,,,,,,,,,,,,,,,,,,,,,,,,,,,,,,,,,,,,-,-,-,-,-,-,-,-,-,-,0,,,,,,,,,,,,,,,,,,,,,,,,,,,-,,,,,,,,,,,,,,-,-,-,-,-,-,,,,,,,-,,-,-,,,,,,-,-,,,,,,,,,,,,,,,
,Média (dias) Coleta realizada,,menor - melhor,,,,,,,,,,,,,,,,,,,,,,,6,6,6,6,8,5,6,6,6,7,7,6,5,6,6,5,6,5,6,7,6,6,5,6,6,6,5,5,6,5,8,7,6,7,6,6,6,5,6,6,5,6,6,5,5,6,5,5,5,6,6,6,7,6,7,6,,,,,,,,,,,,,,,,,,,,,,,,,,,-1,,"5,5","5,5",4,6,6,7,6,6,6,6,5,5,8,6,6,5,6,6,,,,,,,0,,6,7,,-,6,6,5,"6,7","5,7",,,,,,,,,,,,,,,
,SLA Cliente (prazo 20 dias - 15 dias após W10),,maior - melhor,,,,,,,,,,,,,,,,,,,,,,,"93,87%","92,46%","94,74%","95,04%","93,35%","96,13%","95,77%","95,63%","99,27%","94,91%","97,11%","96,75%","97,80%","96,23%","96,02%","97,33%","97,88%","97,50%","98,81%","98,39%","100,00%","99,12%","98,80%","98,54%","99,75%","99,28%","98,93%","99,05%","97,43%","97,10%","94,64%","98,27%","98,52%","96,57%","97,25%","97,64%","99,22%","98,03%","99,25%","96,06%","95,31%","95,63%","95,88%","97,69%","98,19%","98,34%","98,34%","97,27%","95,92%","97,04%","97,70%","96,77%","94,77%","96,01%","97,89%","97,56%",,,,,,,,,,,,,,,,,,,,,,,,,,,"-0,33%",,"96,85%","95,27%","95,45%","97,45%","96,71%","94,46%","96,01%","96,29%","97,02%","98,50%","99,00%","98,20%","97,28%","98,59%","96,03%","97,45%","97,14%","95,37%",,,,,,,"-2,60%",,"98,24%","93,65%",,-,-,-,-,"97,30%","97,36%",,,-,,,,,,,,,,,,
,PNC | Produtos Não Conforme,,,,,,,,,,,,,,,,,,,,,,,,,,,,,,,,,,,,,,,,,,,,,,,,,,,,,,,,,,,,,,,,,,,,,,,,,,,,,,,,,,,,,,,,,,,,,,,,,,,,,,,,,,,,,,,,,,,,,,,,,,,,,,,,,,,,,,,,,,,,,,,,,,,,,,,,,,,,,,
,% de CDs com Lotes Disponíveis                                                                                                                                                                                                                                                                                           ,%,,,,,,,,,,,,,,,,,,,,,,,,,,,,,,,,,,,,,,,,,,,,,,-%,-%,-%,-%,15%,23%,23%,15%,15%,8%,14%,21%,14%,7%,29%,14%,14%,7%,36%,7%,21%,21%,0%,14%,14%,14%,7%,21%,20%,20%,20%,7%,20%,13%,,,,,,,,,,,,,,,,,,,,,,,,,,,-,,,,,,,,,,,,-%,-%,-%,-%,-%,-%,-%,-%,,,,,,,,,-%,-%,,,,,,,,,,,,,,,,,,,,,,
,Lotes Precificados | Em Precificação,#,,,,,,,,,,,,,,,,,,,,,,,,,,,,,,,,,,,,,,,,,,,,,,2,1,1,1,2,3,5,2,3,1,2,3,3,1,6,4,2,1,2,3,3,3,0,2,3,3,1,3,3,3,3,0,4,2,,,,,,,,,,,,,,,,,,,,,,,,,,,-,,,,,,,,,,,,5,12,12,13,12,8,10,3,,,,,,,-,,17,55,,,,,,,,,,,,,,,,,,,,,,
,Receita Total,R$,,,,,,,,,,,,,,,,,,,,,,,,,,,,,,,,,,,,,,,,,,,,,,"R$ 8.000,00","R$ 0,00","R$ 4.000,00","R$ 39.000,00","R$ 0,00","R$ 27.000,00","R$ 22.500,00","R$ 25.000,00","R$ 19.200,00","R$ 25.000,00","R$ 67.000,00","R$ 4.000,00","R$ 48.000,00","R$ 8.800,00","R$ 7.500,00",-,"R$ 40.500,00","R$ 70.000,00","R$ 3.800,00","R$ 47.000,00","R$ 36.000,00","R$ 42.000,00","R$ 8.000,00",-,"R$ 20.400,00","R$ 21.000,00","R$ 16.500,00","R$ 7.100,00","R$ 5.500,00","R$ 45.400,00","R$ 6.500,00","R$ 24.100,00","R$ 51.500,00","R$ 17.000,00",,,,,,,,,,,,,,,,,,,,,,,,,,,-,,,,,,,,,,,,"R$ 51.000,00","R$ 74.500,00","R$ 163.200,00","R$ 56.800,00","R$ 198.800,00","R$ 49.400,00","R$ 74.500,00","R$ 99.100,00",,,,,,,-,,"R$ 125.500,00","R$ 641.800,00",,,,,,,,,,,,,,,,,,,,,,
,Rentabilidade (média),%,,,,,,,,,,,,,,,,,,,,,,,,,,,,,,,,,,,,,,,,,,,,,,17%,0%,20%,"17,50%",0,"19,75%","16,35%","18,34%","17,33%","14,59%","16,78%","17,78%","12,49%","16,30%","12,83%",-%,"19,42%","16,52%","18,12%","15,39%","13,77%","13,13%","21,00%",-%,"19,29%","18,00%","18,00%","10,00%","14,00%","14,28%","17,50%","17,36%","15,79%","18,00%",,,,,,,,,,,,,,,,,,,,,,,,,,,-%,,,,,,,,,,,,"17,57%","18,25%","18,83%","17,69%","14,93%","18,93%","14,22%","16,55%",,,,,,,-,,"17,70%","15,49%",,,,,,,,,,,,,,,,,,,,,,
,,,,,,,,,,,,,,,,,,,,,,,,,,,,,,,,,,,,,,,,,,,,,,,,,,,,,,,,,,,,,,,,,,,,,,,,,,,,,,,,,,,,,,,,,,,,,,,,,,,,,,,,,,,,,,,,,,,,,,,,,,,,,,,,,,,,,,,,,,,,,,,,,,,,,,,,,,,,,,,
,,,,,,,,,,,,,,,,,,,,,,,,,,,,,,,,,,,,,,,,,,,,,,,,,,,,,,,,,,,,,,,,,,,,,,,,,,,,,,,,,,,,,,,,,,,,,,,,,,,,,,,,,,,,,,,,,,,,,,,,,,,,,,,,,,,,,,,,,,,,,,,,,,,,,,,,,,,,,,,
,,,,,,,,,,,,,,,,,,,,,,,,,,,,,,,,,,,,,,,,,,,,,,,,,,,,,,,,,,,,,,,,,,,,,,,,,,,,,,,,,,,,,,,,,,,,,,,,,,,,,,,,,,,,,,,,,,,,,,,,,,,,,,,,,,,,,,,,,,,,,,,,,,,,,,,,,,,,,,,
,,,,,,,,,,,,,,,,,,,,,,,,,,,,,,,,,,,,,,,,,,,,,,,,,,,,,,,,,,,,,"R$ 53.987,73","R$ 58.456,74",#VALUE!,"R$ 208.558,34","R$ 423.856,45","R$ 20.974,97",,,,,,,,,,,,,,,,,,,,,,,,,,,,,,,,,,,,,,,,,,,,,,,,,,,,,,,,,,,,,,,,,,,,,,,,,,,,,,,,,,,,,,,,,,,,,
,,,,,,,,,,,,,,,,,,,,,,,,,,,,,,,,,,,,,,,,,,,,,,,,,,,,,,,,,,,,,,,,,,,,,,,,,,,,,,,,,,,,,,,,,,,,,,,,,,,,,,,,,,,,,,,,,,,,,,,,,,,,,,,,,,,,,,,,,,,,,,,,,,,,,,,,,,,,,,,
,,,,,,,,,,,,,,,,,,,,,,,,,,,,,,,,,,,,,,,,,,,,,,,,,,,,,,,,,,,,,,,,,,"0,6333333333",,,,,,,,,,,,,,,,,,,,,,,,,,,,,,,,,,,,,,,,,,,,,,,,,,,,,,,,,,,,,,,,,,,,,,,,,,,,,,,,,,,,,,,,,,,,,